user_id,recency,frequency,monetary,last_purchase_date
U000001,569,1,1392.89,2024-04-25 15:53:17.247666
U000002,454,2,1205.21,2024-08-18 03:47:00.048072
U000003,25,2,1126.73,2025-10-21 08:48:45.661172
U000006,102,2,667.01,2025-08-05 17:50:51.140459
U000010,199,1,247.2,2025-04-30 14:57:04.585866
U000011,517,1,72.4,2024-06-16 20:22:35.825592
U000016,334,1,954.86,2024-12-16 04:46:56.846948
U000019,103,2,341.53,2025-08-04 10:06:22.605505
U000020,202,1,163.11,2025-04-27 22:57:26.979184
U000022,415,1,1097.97,2024-09-26 05:12:38.790252
U000023,188,2,4128.54,2025-05-11 01:35:31.167256
U000024,500,1,148.16,2024-07-03 12:34:22.726228
U000025,182,1,666.7,2025-05-17 08:29:58.867440
U000026,517,2,511.53,2024-06-16 00:18:44.146170
U000027,419,1,1125.55,2024-09-22 02:17:55.290577
U000029,215,1,247.1,2025-04-14 07:00:06.156905
U000031,569,2,1235.96,2024-04-25 00:59:56.755420
U000035,250,3,3979.72,2025-03-10 16:22:08.520156
U000036,425,1,126.37,2024-09-16 11:44:30.475647
U000037,160,1,405.87,2025-06-08 14:26:27.971997
U000038,313,2,2867.46,2025-01-06 17:05:43.291842
U000043,26,1,54.55,2025-10-20 07:18:54.931767
U000044,21,2,561.22,2025-10-25 17:37:02.118309
U000046,297,1,104.02,2025-01-22 14:31:11.500862
U000047,455,1,2644.85,2024-08-17 15:56:09.071710
U000048,652,1,1562.4,2024-02-02 05:31:49.932127
U000049,75,1,1821.99,2025-09-01 11:03:40.234409
U000051,97,1,586.6,2025-08-10 04:26:56.936637
U000055,140,1,2667.15,2025-06-28 19:19:33.232948
U000056,592,1,307.97,2024-04-02 22:23:56.003690
U000057,15,1,369.87,2025-10-31 21:53:18.165140
U000060,206,1,1110.9,2025-04-23 10:26:39.510277
U000062,380,1,189.79,2024-10-31 20:34:46.094239
U000065,460,1,37.9,2024-08-12 08:13:51.363443
U000066,60,1,77.06,2025-09-16 13:05:28.344950
U000068,326,1,56.34,2024-12-24 18:38:23.675730
U000071,346,1,235.26,2024-12-04 17:59:20.773745
U000077,465,1,123.27,2024-08-07 17:33:22.967954
U000078,15,3,1951.3,2025-10-31 03:15:54.477418
U000079,50,2,184.56,2025-09-26 06:56:35.010749
U000081,487,1,443.18,2024-07-16 15:44:46.826945
U000082,143,3,3010.91,2025-06-25 06:06:21.711219
U000083,80,3,3063.25,2025-08-27 01:01:39.092245
U000084,423,1,375.68,2024-09-18 15:09:23.757121
U000085,612,1,3003.15,2024-03-13 03:12:02.738399
U000086,129,1,30.81,2025-07-09 13:38:22.486156
U000087,280,1,219.54,2025-02-08 02:06:01.284486
U000090,532,1,324.95,2024-06-01 08:00:35.661237
U000091,552,1,457.74,2024-05-12 22:30:13.403059
U000093,496,1,106.44,2024-07-07 06:35:59.122349
U000094,588,1,302.06,2024-04-06 17:40:33.649511
U000095,435,1,20.65,2024-09-06 12:19:11.694384
U000096,553,1,768.53,2024-05-11 02:47:19.441567
U000097,341,3,3956.51,2024-12-09 06:57:24.413761
U000098,603,1,165.36,2024-03-22 18:36:21.600481
U000099,476,1,22.25,2024-07-27 16:59:11.290052
U000102,124,2,336.63,2025-07-14 16:58:47.992197
U000103,321,1,461.85,2024-12-29 19:17:33.628401
U000106,160,2,594.75,2025-06-08 19:14:42.517441
U000107,121,4,900.8,2025-07-17 13:52:00.453740
U000111,269,1,698.65,2025-02-19 06:18:55.289268
U000112,308,1,234.41,2025-01-11 03:25:47.356417
U000114,365,1,566.53,2024-11-15 15:48:41.501057
U000119,166,2,806.81,2025-06-02 18:58:08.903250
U000120,311,1,72.21,2025-01-08 17:41:34.026277
U000121,451,1,420.25,2024-08-21 19:18:41.847552
U000123,652,1,766.52,2024-02-02 09:35:46.695103
U000125,172,1,84.58,2025-05-27 07:19:10.184957
U000126,257,1,438.64,2025-03-03 07:04:54.593552
U000127,78,2,676.06,2025-08-29 18:12:28.889134
U000130,599,1,229.91,2024-03-26 18:55:38.181458
U000131,587,1,498.83,2024-04-07 12:18:04.646861
U000136,632,1,363.5,2024-02-22 04:55:27.000279
U000137,32,1,109.16,2025-10-14 21:04:32.208640
U000139,144,2,735.18,2025-06-24 12:38:05.891723
U000141,48,2,239.78,2025-09-28 23:54:04.347191
U000142,655,1,1398.35,2024-01-30 15:28:55.849719
U000143,252,1,218.7,2025-03-08 03:29:44.704490
U000146,8,1,187.74,2025-11-07 13:53:17.193557
U000149,173,2,344.46,2025-05-26 19:14:00.382659
U000153,29,2,1125.45,2025-10-17 08:51:07.749779
U000154,89,1,1203.06,2025-08-18 02:04:22.953292
U000155,469,1,4047.79,2024-08-03 15:21:02.659747
U000156,297,1,41.57,2025-01-22 02:37:29.003498
U000157,217,2,78.34,2025-04-12 05:31:06.273253
U000159,435,2,641.03,2024-09-06 03:04:58.385195
U000160,233,1,1152.27,2025-03-27 10:38:18.575536
U000161,76,2,1239.37,2025-08-31 12:58:30.866519
U000162,245,1,62.52,2025-03-15 11:23:43.380425
U000163,59,2,1383.88,2025-09-17 01:11:02.691913
U000164,166,1,179.19,2025-06-02 04:39:39.818768
U000166,64,1,113.67,2025-09-12 21:03:16.723431
U000167,547,1,1324.11,2024-05-17 20:30:29.488920
U000168,219,2,563.23,2025-04-10 21:04:45.711004
U000169,251,1,831.94,2025-03-09 16:04:49.122283
U000171,443,1,1138.06,2024-08-29 08:20:26.708990
U000172,79,1,68.37,2025-08-28 22:23:51.885872
U000173,680,1,1352.63,2024-01-05 13:16:42.163662
U000174,158,1,123.01,2025-06-10 06:08:22.841254
U000178,672,1,727.13,2024-01-13 10:08:24.390467
U000179,334,1,279.52,2024-12-16 03:26:41.403903
U000180,239,1,43.35,2025-03-21 09:31:38.655536
U000183,84,2,2527.91,2025-08-23 03:58:49.436924
U000185,136,1,1000.45,2025-07-02 19:32:48.179389
U000187,260,1,2518.61,2025-02-28 08:22:20.449498
U000188,67,2,1185.99,2025-09-09 20:51:37.956322
U000190,483,1,110.6,2024-07-20 23:33:42.068954
U000192,18,2,1057.24,2025-10-28 18:09:13.574745
U000195,323,1,97.57,2024-12-27 06:37:14.974323
U000196,266,2,956.47,2025-02-22 20:13:31.188523
U000200,495,1,71.29,2024-07-08 00:26:38.072334
U000201,569,1,1033.86,2024-04-25 21:20:49.282697
U000202,217,1,506.83,2025-04-12 18:03:37.668399
U000203,285,2,335.55,2025-02-03 21:12:03.594485
U000204,40,2,578.74,2025-10-06 06:53:27.523016
U000206,509,1,1345.13,2024-06-24 15:50:10.051237
U000207,629,1,2178.11,2024-02-25 15:30:01.532353
U000208,224,1,410.06,2025-04-05 12:27:46.939485
U000209,16,2,2102.6,2025-10-30 09:51:51.095619
U000210,627,1,2344.23,2024-02-27 05:00:37.002966
U000214,393,1,20.31,2024-10-18 13:11:08.162125
U000215,89,2,1799.9,2025-08-18 05:43:55.047768
U000217,107,2,3227.06,2025-07-31 00:07:38.929391
U000218,39,3,2074.49,2025-10-07 03:38:15.065246
U000219,97,2,563.49,2025-08-10 02:34:34.551843
U000220,573,1,623.72,2024-04-21 06:51:42.470707
U000221,367,1,193.38,2024-11-13 03:32:28.207860
U000222,624,1,172.82,2024-03-01 00:44:14.155580
U000224,584,1,1294.54,2024-04-10 14:10:04.971301
U000225,578,1,199.04,2024-04-16 04:54:48.099452
U000227,53,1,338.22,2025-09-23 09:12:48.998659
U000228,388,1,1824.52,2024-10-23 18:31:45.153855
U000232,9,1,83.72,2025-11-06 16:13:41.431711
U000233,29,1,76.4,2025-10-17 09:00:05.644555
U000234,114,2,1472.04,2025-07-24 02:31:17.750447
U000235,221,1,57.43,2025-04-08 23:37:53.456355
U000242,402,2,1820.07,2024-10-09 17:48:36.386883
U000245,133,1,3613.4,2025-07-05 21:54:18.955748
U000250,245,1,124.97,2025-03-15 16:32:27.150293
U000253,226,2,754.21,2025-04-03 08:09:07.878266
U000255,147,1,301.93,2025-06-21 10:43:10.134843
U000257,491,1,1210.88,2024-07-12 11:34:11.906799
U000260,570,1,315.42,2024-04-24 18:02:06.794813
U000261,141,2,3892.14,2025-06-27 01:18:53.874663
U000263,124,3,2717.74,2025-07-14 13:55:16.555631
U000264,23,4,800.31,2025-10-23 03:31:18.336462
U000267,72,1,84.5,2025-09-04 09:57:20.774644
U000270,316,2,935.68,2025-01-03 21:04:26.066196
U000271,434,2,351.07,2024-09-07 00:37:50.780627
U000272,228,2,820.14,2025-04-01 22:45:10.705784
U000273,171,1,45.55,2025-05-28 23:31:51.642178
U000276,225,1,1229.16,2025-04-04 01:30:09.412360
U000280,221,2,5685.91,2025-04-08 05:14:43.679555
U000282,158,3,377.7,2025-06-10 20:57:03.653651
U000284,374,1,406.83,2024-11-06 00:47:27.041258
U000286,292,3,654.18,2025-01-27 19:30:00.740496
U000288,80,1,228.61,2025-08-27 04:29:47.285158
U000291,341,1,3103.96,2024-12-09 01:30:32.431037
U000295,622,2,367.24,2024-03-03 16:00:07.551610
U000297,445,1,63.71,2024-08-27 19:35:41.614633
U000299,8,3,1038.78,2025-11-07 08:44:03.833750
U000301,412,1,155.73,2024-09-29 20:47:50.828629
U000302,136,1,676.95,2025-07-02 18:38:50.601108
U000303,29,1,33.17,2025-10-17 15:09:52.847845
U000305,615,1,658.24,2024-03-10 19:09:11.232588
U000306,330,1,13.77,2024-12-20 09:53:12.312966
U000307,82,2,752.08,2025-08-25 21:41:52.467927
U000309,116,1,165.4,2025-07-22 01:03:54.848469
U000310,572,1,206.54,2024-04-22 20:21:46.342422
U000311,314,1,118.8,2025-01-05 00:47:38.858834
U000312,160,3,725.46,2025-06-08 07:15:54.518480
U000313,626,1,55.14,2024-02-28 17:26:25.176795
U000314,254,1,74.8,2025-03-06 17:20:55.600875
U000317,327,1,265.83,2024-12-23 18:17:42.444714
U000318,52,1,2399.72,2025-09-24 10:59:36.251132
U000319,310,1,220.65,2025-01-09 16:23:42.023478
U000321,293,4,1846.8,2025-01-26 16:53:46.804527
U000322,310,3,545.32,2025-01-09 15:41:14.765773
U000323,305,2,3018.06,2025-01-14 01:12:36.899731
U000327,125,1,60.33,2025-07-13 18:47:30.484396
U000328,586,1,211.23,2024-04-08 14:39:43.340792
U000331,491,2,1001.48,2024-07-12 10:50:39.529424
U000332,138,2,389.61,2025-06-30 04:49:06.372563
U000333,143,1,1081.57,2025-06-25 16:42:28.309009
U000336,395,2,1546.76,2024-10-16 07:09:25.071781
U000337,274,1,194.81,2025-02-14 11:01:21.648775
U000338,42,1,232.48,2025-10-04 10:28:07.131159
U000339,396,1,94.95,2024-10-15 06:47:55.923531
U000340,401,1,266.43,2024-10-10 07:51:16.414682
U000342,318,1,33.06,2025-01-01 13:16:45.863269
U000343,519,1,228.26,2024-06-14 12:43:20.141972
U000345,154,1,1628.79,2025-06-14 20:32:10.047092
U000346,684,1,739.74,2024-01-01 22:17:17.757965
U000347,459,2,747.09,2024-08-13 10:51:28.046160
U000349,161,2,1014.12,2025-06-07 22:01:25.547206
U000352,191,2,396.6,2025-05-08 17:31:22.951371
U000353,241,1,748.52,2025-03-19 02:40:45.952771
U000354,159,1,20.98,2025-06-09 04:07:52.070229
U000356,566,1,654.9,2024-04-28 12:21:18.876213
U000357,437,1,2171.31,2024-09-04 18:17:15.895155
U000358,208,2,187.79,2025-04-21 05:35:08.876146
U000360,264,1,230.41,2025-02-24 10:36:31.783692
U000362,288,3,1973.59,2025-01-31 01:41:49.855610
U000363,592,1,403.08,2024-04-02 01:30:04.811564
U000364,599,1,201.33,2024-03-26 04:50:01.879351
U000366,21,1,331.98,2025-10-25 05:43:03.893891
U000367,98,1,836.76,2025-08-09 22:44:22.037280
U000368,63,3,1614.02,2025-09-13 10:15:01.640746
U000371,9,3,256.79,2025-11-06 01:54:55.389171
U000372,165,2,754.04,2025-06-03 04:10:00.960941
U000373,400,2,1345.1,2024-10-11 08:05:33.148443
U000374,173,1,3023.06,2025-05-26 13:53:44.024608
U000375,310,2,263.06,2025-01-09 09:44:26.324345
U000376,96,1,1355.37,2025-08-11 15:50:50.751187
U000379,11,3,1259.97,2025-11-04 13:55:59.635670
U000381,284,1,79.25,2025-02-04 03:15:40.007510
U000384,447,2,249.37,2024-08-25 13:06:39.887427
U000385,661,1,50.2,2024-01-24 15:01:03.721543
U000386,5,2,4878.3,2025-11-10 18:29:40.349843
U000387,174,2,1211.93,2025-05-25 23:47:07.331355
U000390,233,1,50.15,2025-03-27 14:54:36.072848
U000391,64,1,539.69,2025-09-12 00:23:49.500561
U000392,668,1,713.58,2024-01-17 18:23:02.344423
U000393,559,1,1560.67,2024-05-05 12:38:13.422981
U000394,266,2,1755.08,2025-02-22 03:52:57.371363
U000396,159,2,1710.17,2025-06-09 12:59:21.721603
U000397,297,1,96.56,2025-01-22 05:05:59.194713
U000399,603,2,4314.48,2024-03-22 22:50:03.962363
U000400,356,1,529.71,2024-11-24 15:12:05.201828
U000401,255,1,1421.77,2025-03-05 10:46:40.324600
U000403,440,2,125.49,2024-09-01 23:08:42.309905
U000409,421,2,971.72,2024-09-20 05:09:19.173506
U000410,256,2,3197.97,2025-03-04 04:37:39.663818
U000411,237,3,881.98,2025-03-23 20:33:32.720593
U000412,217,1,508.4,2025-04-12 03:17:26.423419
U000413,196,1,199.05,2025-05-03 06:42:29.815902
U000414,287,1,464.82,2025-02-01 17:32:01.719219
U000415,583,1,430.87,2024-04-11 11:24:03.265449
U000416,309,2,1370.71,2025-01-10 18:16:25.942827
U000417,124,3,1796.41,2025-07-14 21:50:37.257931
U000420,284,1,8.2,2025-02-04 19:30:24.857905
U000423,142,1,124.78,2025-06-26 08:31:33.301955
U000424,398,1,415.15,2024-10-13 08:24:44.650933
U000425,211,1,65.31,2025-04-18 19:24:06.459331
U000426,395,1,267.03,2024-10-16 15:39:48.710517
U000429,101,2,1646.21,2025-08-06 23:09:53.631629
U000431,296,2,621.12,2025-01-23 20:41:40.705027
U000432,362,1,786.01,2024-11-18 06:38:35.001740
U000434,62,1,81.54,2025-09-14 04:50:17.589735
U000435,140,1,345.18,2025-06-28 20:25:45.969971
U000436,353,1,2673.43,2024-11-27 00:12:00.616917
U000437,192,1,42.19,2025-05-07 01:36:49.693032
U000438,555,1,233.7,2024-05-09 10:13:28.094018
U000441,451,3,1626.67,2024-08-21 21:44:46.970486
U000442,273,2,754.03,2025-02-15 12:47:21.561932
U000451,430,1,93.62,2024-09-11 14:57:37.085899
U000453,372,2,794.29,2024-11-08 17:45:18.008045
U000455,421,1,715.83,2024-09-20 09:31:13.215668
U000456,517,2,754.08,2024-06-16 19:47:30.241417
U000458,120,2,3321.27,2025-07-18 17:41:45.498097
U000462,101,1,952.72,2025-08-06 00:43:03.122367
U000464,240,3,1560.9,2025-03-20 19:11:46.302660
U000471,227,1,283.05,2025-04-02 15:53:38.532163
U000472,596,1,68.56,2024-03-29 04:36:46.612648
U000474,483,1,233.7,2024-07-20 14:14:27.967617
U000475,226,1,439.64,2025-04-03 13:02:21.231639
U000476,263,1,142.27,2025-02-25 08:23:55.141299
U000477,30,1,7.76,2025-10-16 08:14:22.366337
U000479,184,2,951.74,2025-05-15 00:10:29.342101
U000481,67,2,1747.88,2025-09-09 12:13:39.738681
U000482,85,4,4873.74,2025-08-22 16:23:25.653887
U000484,224,1,1535.4,2025-04-05 02:55:27.081067
U000485,460,1,214.12,2024-08-12 17:46:21.135378
U000486,682,1,870.03,2024-01-03 04:29:24.516819
U000487,683,1,108.44,2024-01-02 06:05:20.197268
U000490,167,1,171.28,2025-06-01 11:31:17.375887
U000492,296,1,332.65,2025-01-23 14:39:46.581366
U000493,466,1,55.19,2024-08-06 02:58:59.846710
U000494,220,2,2503.34,2025-04-09 16:59:47.974749
U000496,474,2,281.94,2024-07-29 08:26:52.402523
U000499,186,1,671.63,2025-05-13 17:37:31.008549
U000503,661,1,80.66,2024-01-24 18:03:22.241754
U000505,666,1,1628.6,2024-01-19 03:08:07.225001
U000508,257,1,1326.95,2025-03-03 07:10:28.648423
U000510,649,1,218.42,2024-02-05 02:53:00.289217
U000512,365,1,2791.04,2024-11-15 05:04:42.237649
U000513,423,1,766.76,2024-09-18 07:07:47.272620
U000514,25,2,618.42,2025-10-21 07:14:25.514830
U000515,369,2,331.23,2024-11-11 19:20:34.229336
U000518,246,2,1085.64,2025-03-14 21:32:09.472498
U000521,497,1,2235.22,2024-07-06 04:00:23.058140
U000522,206,1,143.16,2025-04-23 14:43:02.070270
U000524,337,4,6026.25,2024-12-13 14:04:02.631758
U000525,254,1,29.68,2025-03-06 03:23:27.019459
U000526,194,2,246.01,2025-05-05 08:16:58.832652
U000528,552,1,729.8,2024-05-12 00:43:02.855066
U000530,367,1,395.47,2024-11-13 21:20:31.312583
U000532,646,1,46.87,2024-02-08 07:09:14.024711
U000533,54,2,841.13,2025-09-22 08:55:14.687880
U000535,237,1,186.13,2025-03-23 16:27:08.483640
U000536,568,1,311.21,2024-04-26 19:10:46.709520
U000539,222,2,1147.75,2025-04-07 18:59:20.445314
U000540,365,1,205.33,2024-11-15 22:37:39.004698
U000542,187,2,913.19,2025-05-12 00:36:30.173141
U000545,205,2,561.47,2025-04-24 12:49:47.000225
U000546,345,1,2510.02,2024-12-05 05:26:56.844996
U000549,599,1,490.18,2024-03-26 03:34:55.411902
U000553,517,1,73.31,2024-06-16 00:03:56.786389
U000555,315,1,52.53,2025-01-04 02:42:22.599701
U000562,248,1,168.05,2025-03-12 18:09:52.639181
U000564,73,4,6799.17,2025-09-03 00:21:51.604258
U000565,434,1,34.77,2024-09-07 07:46:42.537891
U000567,63,2,2968.25,2025-09-13 09:27:31.970649
U000568,216,2,342.88,2025-04-13 04:33:53.350066
U000570,383,3,961.75,2024-10-28 01:54:32.327957
U000571,283,2,2339.2,2025-02-05 08:58:17.838595
U000573,535,1,444.8,2024-05-29 01:58:59.716691
U000576,144,1,339.93,2025-06-24 23:22:54.241067
U000578,591,1,1894.08,2024-04-03 09:35:48.063936
U000582,122,1,433.98,2025-07-16 13:31:31.672719
U000583,426,3,3122.15,2024-09-15 15:39:55.731495
U000586,637,1,843.32,2024-02-17 00:54:56.385085
U000588,282,2,635.43,2025-02-06 21:10:09.170718
U000589,383,1,142.9,2024-10-28 08:15:33.004750
U000591,386,2,1191.73,2024-10-25 02:05:36.492150
U000594,11,2,1034.45,2025-11-04 01:41:20.064397
U000597,149,2,65.9,2025-06-19 21:55:13.548604
U000604,259,1,69.1,2025-03-01 06:44:46.574579
U000605,89,1,107.69,2025-08-18 00:07:38.420335
U000606,86,2,1420.15,2025-08-21 18:29:29.318712
U000607,137,1,1103.05,2025-07-01 15:48:56.480644
U000608,480,2,508.48,2024-07-23 02:41:48.002097
U000610,296,2,401.58,2025-01-23 03:08:27.581446
U000614,23,2,1075.11,2025-10-23 09:05:00.069192
U000615,428,1,348.1,2024-09-13 03:05:34.537161
U000618,15,1,17.5,2025-10-31 05:21:16.845908
U000619,497,1,11.89,2024-07-06 02:39:13.110838
U000621,105,2,322.74,2025-08-02 06:17:47.605710
U000623,377,3,897.53,2024-11-03 18:48:23.126561
U000625,28,1,101.9,2025-10-18 07:04:34.120285
U000628,103,1,996.18,2025-08-04 01:37:18.567487
U000629,519,1,186.51,2024-06-14 21:11:20.138257
U000631,93,1,591.19,2025-08-14 21:13:54.436366
U000633,39,1,231.05,2025-10-07 12:33:05.062945
U000634,485,1,50.81,2024-07-18 23:13:54.156637
U000636,93,2,812.04,2025-08-14 16:54:48.121072
U000638,144,3,2196.56,2025-06-24 23:57:30.673090
U000640,318,1,137.52,2025-01-01 23:53:21.976656
U000641,515,1,58.5,2024-06-18 03:09:14.358133
U000642,189,2,103.18,2025-05-10 19:43:28.184309
U000643,320,1,293.24,2024-12-30 07:02:34.674513
U000644,620,1,61.59,2024-03-05 14:55:35.220173
U000645,558,1,544.6,2024-05-06 10:49:18.197364
U000646,313,1,120.78,2025-01-06 15:02:42.601282
U000649,645,1,158.32,2024-02-09 19:20:57.027350
U000650,543,2,706.14,2024-05-21 00:41:49.922970
U000651,252,1,27.81,2025-03-08 13:40:23.983844
U000652,488,1,394.14,2024-07-15 06:04:25.294816
U000653,445,1,136.05,2024-08-27 12:35:32.863597
U000654,375,2,1934.43,2024-11-05 11:35:49.718322
U000655,459,1,454.19,2024-08-13 11:03:34.080323
U000656,289,1,451.77,2025-01-30 11:18:58.017534
U000659,29,1,798.14,2025-10-17 01:06:34.535465
U000663,684,1,59.15,2024-01-01 11:25:09.201281
U000665,327,1,350.7,2024-12-23 16:43:28.438637
U000666,435,1,1022.97,2024-09-06 02:48:02.808162
U000669,207,1,165.03,2025-04-22 09:17:07.742491
U000671,399,1,208.7,2024-10-12 19:08:43.048650
U000672,382,1,36.95,2024-10-29 03:13:06.701563
U000674,678,1,345.2,2024-01-07 03:43:07.879034
U000675,42,2,4703.56,2025-10-04 17:18:39.857498
U000676,237,1,535.95,2025-03-23 14:10:15.943291
U000677,5,2,415.25,2025-11-10 22:31:37.975728
U000681,24,1,752.88,2025-10-22 03:55:57.626330
U000684,77,4,2023.36,2025-08-30 10:18:54.393302
U000685,332,1,1771.9,2024-12-18 00:56:15.329122
U000687,90,2,926.57,2025-08-17 21:04:44.194452
U000688,196,1,239.16,2025-05-03 13:40:54.440315
U000691,405,1,38.06,2024-10-06 23:36:12.359663
U000693,526,1,65.83,2024-06-07 13:04:44.717651
U000695,64,2,627.11,2025-09-12 16:20:17.740849
U000696,362,1,96.75,2024-11-18 22:29:54.307831
U000698,30,2,1224.72,2025-10-16 22:40:48.665039
U000701,311,2,953.86,2025-01-08 08:19:35.139961
U000702,381,1,764.24,2024-10-30 20:22:10.688728
U000704,339,1,1815.76,2024-12-11 05:45:40.270908
U000705,226,1,128.28,2025-04-03 04:08:40.526882
U000706,507,1,451.04,2024-06-26 19:32:46.921081
U000707,475,1,26.48,2024-07-28 16:18:50.673310
U000708,279,1,599.85,2025-02-09 18:07:16.838650
U000711,64,1,798.25,2025-09-12 18:32:48.191116
U000713,273,4,952.02,2025-02-15 06:40:08.977227
U000714,51,2,158.01,2025-09-25 05:00:53.252686
U000716,215,1,341.61,2025-04-14 01:04:45.985069
U000717,112,1,1560.84,2025-07-26 19:03:10.123010
U000721,584,1,109.53,2024-04-10 11:38:22.237760
U000725,50,3,1114.76,2025-09-26 02:34:03.996775
U000728,4,1,197.04,2025-11-11 05:46:00.272064
U000730,417,2,2288.4,2024-09-24 06:20:36.762885
U000731,35,2,4812.07,2025-10-11 19:17:14.424190
U000732,146,1,49.59,2025-06-22 03:30:31.066096
U000735,346,1,387.86,2024-12-04 03:21:18.062505
U000738,620,1,2435.77,2024-03-05 18:11:11.220587
U000740,638,1,254.58,2024-02-16 15:11:14.699840
U000741,19,1,133.65,2025-10-27 15:54:57.931342
U000743,439,1,1251.31,2024-09-02 03:14:24.093302
U000745,306,1,1017.11,2025-01-13 00:56:35.070117
U000746,447,1,652.23,2024-08-25 22:16:35.756598
U000747,524,1,18.31,2024-06-09 04:16:07.729631
U000749,171,2,1790.43,2025-05-28 03:02:38.841619
U000750,251,2,825.02,2025-03-09 11:08:57.707020
U000752,585,1,50.81,2024-04-09 23:13:17.743392
U000753,495,1,98.81,2024-07-08 00:05:37.830894
U000754,313,1,497.05,2025-01-06 06:34:33.372870
U000757,645,1,61.14,2024-02-09 09:58:17.699062
U000758,50,2,3758.42,2025-09-26 04:39:32.740805
U000759,164,1,1273.88,2025-06-04 09:46:16.488649
U000761,55,1,291.45,2025-09-21 15:41:11.196516
U000763,85,2,1790.38,2025-08-22 04:53:28.756630
U000765,109,1,268.79,2025-07-29 10:44:32.605749
U000767,250,1,20.94,2025-03-10 17:12:06.461612
U000768,38,1,887.72,2025-10-08 08:01:48.678528
U000769,70,1,21.2,2025-09-06 05:00:57.989071
U000770,549,1,1046.44,2024-05-15 00:40:49.147393
U000771,422,1,101.07,2024-09-19 06:41:47.485204
U000772,86,2,685.2,2025-08-21 18:33:33.968168
U000773,463,1,1944.31,2024-08-09 17:32:23.178751
U000774,139,1,665.14,2025-06-29 17:20:44.265843
U000778,144,2,4342.62,2025-06-24 04:33:01.367656
U000779,273,2,1581.36,2025-02-15 17:07:05.663985
U000781,323,1,565.87,2024-12-27 05:14:24.485579
U000782,15,2,819.52,2025-10-31 07:52:16.282493
U000784,169,3,1863.71,2025-05-30 18:19:07.093544
U000788,332,3,504.73,2024-12-18 13:15:35.600379
U000791,17,1,265.16,2025-10-29 03:54:53.049575
U000792,521,1,3809.48,2024-06-12 09:58:19.151084
U000793,239,3,2401.52,2025-03-21 01:11:40.190431
U000795,285,2,504.54,2025-02-03 14:10:00.898115
U000796,114,3,1369.03,2025-07-24 00:06:08.153661
U000797,488,1,422.6,2024-07-15 08:40:53.913009
U000799,62,1,473.62,2025-09-14 18:02:03.704721
U000801,68,4,2030.31,2025-09-08 17:33:07.852014
U000803,558,1,72.33,2024-05-06 22:54:25.716360
U000804,107,1,47.96,2025-07-31 12:10:37.293319
U000809,241,1,273.5,2025-03-19 10:08:16.494567
U000811,155,1,657.34,2025-06-13 16:57:08.399629
U000815,83,3,2060.19,2025-08-24 00:09:25.201871
U000817,46,4,2139.63,2025-09-30 02:11:19.864225
U000818,584,1,37.8,2024-04-10 05:06:57.063503
U000820,300,2,1216.99,2025-01-19 20:33:43.052815
U000823,118,2,24.73,2025-07-20 10:15:03.232834
U000824,34,1,37.03,2025-10-12 11:45:55.443633
U000826,307,1,636.85,2025-01-12 05:47:39.864025
U000827,135,3,3314.39,2025-07-03 22:39:08.700320
U000829,133,2,5817.93,2025-07-05 22:05:04.199378
U000830,153,1,113.67,2025-06-15 21:58:54.523408
U000832,442,1,150.71,2024-08-30 11:48:17.889981
U000833,107,1,864.16,2025-07-31 04:41:32.755635
U000834,526,1,609.98,2024-06-07 17:08:36.854751
U000835,664,1,543.8,2024-01-21 11:50:33.688111
U000836,374,1,548.83,2024-11-06 20:26:27.990484
U000837,247,3,278.86,2025-03-13 13:04:09.556639
U000838,529,1,563.23,2024-06-04 19:53:26.417193
U000840,330,1,1695.0,2024-12-20 15:58:16.908687
U000841,381,2,29.26,2024-10-30 23:32:18.048542
U000844,192,2,2997.86,2025-05-07 19:33:12.241617
U000845,288,1,508.37,2025-01-31 06:02:13.607086
U000846,41,2,1214.58,2025-10-05 05:37:49.823549
U000848,583,1,23.37,2024-04-11 17:17:10.284505
U000850,44,1,235.87,2025-10-02 01:08:38.936979
U000853,588,1,107.0,2024-04-06 21:10:48.792861
U000856,104,1,38.54,2025-08-03 18:26:09.231462
U000858,355,2,129.11,2024-11-25 18:59:08.893446
U000861,5,1,162.11,2025-11-10 00:06:42.323896
U000862,579,1,2368.55,2024-04-15 05:21:15.907653
U000863,607,1,252.17,2024-03-18 22:41:50.704935
U000865,369,2,509.44,2024-11-11 20:08:08.416431
U000867,333,2,282.47,2024-12-17 15:39:20.338761
U000868,622,1,58.83,2024-03-03 07:43:32.493116
U000869,470,2,1041.12,2024-08-02 12:45:29.069305
U000870,141,1,128.92,2025-06-27 12:59:16.952219
U000871,143,1,1379.87,2025-06-25 11:01:22.148218
U000875,427,1,94.35,2024-09-14 03:27:08.994261
U000876,467,2,738.16,2024-08-05 00:11:52.893759
U000877,684,1,790.48,2024-01-01 13:25:08.872019
U000878,504,2,550.59,2024-06-29 12:51:24.174034
U000879,420,1,71.59,2024-09-21 19:25:27.244530
U000881,619,1,47.14,2024-03-06 16:13:54.235543
U000883,599,1,126.4,2024-03-26 04:31:23.892571
U000884,112,2,947.1,2025-07-26 08:04:49.085038
U000888,324,2,469.32,2024-12-26 19:26:04.471976
U000889,180,1,21.1,2025-05-19 20:19:41.449368
U000890,62,3,1989.07,2025-09-14 20:05:52.605828
U000891,461,1,33.58,2024-08-11 22:59:35.657915
U000892,438,3,2784.89,2024-09-03 20:22:43.473196
U000896,587,1,521.0,2024-04-07 00:53:57.014332
U000897,278,2,2738.28,2025-02-10 09:37:43.310685
U000899,428,1,224.76,2024-09-13 22:58:36.266293
U000902,348,3,1039.59,2024-12-02 12:28:45.613337
U000906,83,1,108.18,2025-08-24 17:49:11.513429
U000908,3,2,224.75,2025-11-12 05:41:09.409046
U000909,102,2,345.6,2025-08-05 21:16:08.552616
U000912,198,2,1596.46,2025-05-01 09:57:50.778002
U000914,421,1,9.31,2024-09-20 07:11:13.958688
U000916,430,1,418.78,2024-09-11 14:44:45.370813
U000918,209,2,520.22,2025-04-20 21:01:26.403267
U000921,38,1,50.13,2025-10-08 05:13:53.036933
U000922,430,1,4147.31,2024-09-11 07:03:50.330570
U000925,189,1,574.35,2025-05-10 10:19:22.207425
U000926,243,1,867.0,2025-03-17 08:11:08.153817
U000927,145,1,1097.96,2025-06-23 14:41:11.742937
U000929,188,2,757.37,2025-05-11 15:57:09.336960
U000930,115,1,1680.95,2025-07-23 08:33:17.189161
U000931,211,1,28.51,2025-04-18 10:24:39.161727
U000932,17,2,4196.57,2025-10-29 05:17:27.806722
U000936,82,2,274.93,2025-08-25 04:11:41.698116
U000938,335,1,361.8,2024-12-15 13:15:14.579354
U000941,313,1,2520.03,2025-01-06 03:33:06.183751
U000943,198,1,117.69,2025-05-01 03:34:04.510393
U000949,427,2,541.8,2024-09-14 13:13:46.470027
U000952,449,1,115.46,2024-08-23 16:53:09.618873
U000953,7,1,1600.79,2025-11-08 05:22:54.572600
U000955,553,1,351.21,2024-05-11 22:46:09.057107
U000958,569,1,84.66,2024-04-25 01:04:13.574162
U000965,235,1,271.98,2025-03-25 15:36:41.142378
U000968,120,2,874.99,2025-07-18 13:09:32.561557
U000971,552,1,104.44,2024-05-12 16:16:32.127173
U000974,386,1,193.92,2024-10-25 13:13:06.560381
U000975,585,2,369.06,2024-04-09 03:14:12.596676
U000976,607,1,71.15,2024-03-18 00:18:14.433153
U000977,185,1,40.7,2025-05-14 23:47:18.600506
U000978,94,3,522.4,2025-08-13 15:45:39.057883
U000979,104,1,229.47,2025-08-03 22:15:49.547029
U000981,585,1,13.83,2024-04-09 07:04:29.603103
U000983,120,2,714.99,2025-07-18 06:40:12.272719
U000985,235,3,312.09,2025-03-25 05:04:03.982515
U000986,521,1,2035.42,2024-06-12 12:11:35.380319
U000987,162,1,781.28,2025-06-06 18:53:08.016329
U000989,575,1,15.21,2024-04-19 03:58:50.016456
U000990,134,1,165.61,2025-07-04 14:42:36.807155
U000991,430,1,264.89,2024-09-11 19:00:22.894472
U000992,576,1,1468.52,2024-04-18 04:55:35.100491
U000994,460,1,1001.02,2024-08-12 13:45:32.055677
U000995,455,1,134.99,2024-08-17 06:31:12.864487
U000998,299,1,1015.47,2025-01-20 05:12:49.941995
U001000,256,1,1610.3,2025-03-04 15:14:47.802078
U001002,547,1,484.21,2024-05-17 17:50:48.982438
U001003,177,2,2809.77,2025-05-22 15:18:39.503007
U001004,329,1,1965.44,2024-12-21 22:23:41.279055
U001005,177,1,37.23,2025-05-22 17:01:27.208056
U001006,225,1,703.29,2025-04-04 10:48:50.954398
U001007,670,1,359.28,2024-01-15 14:57:29.477190
U001008,570,2,1936.0,2024-04-24 13:36:50.759398
U001010,328,1,41.44,2024-12-22 22:32:14.772444
U001011,468,2,3136.41,2024-08-04 21:09:31.640303
U001015,133,1,138.24,2025-07-05 08:30:00.360498
U001016,155,2,1435.36,2025-06-13 16:24:48.270651
U001018,274,1,335.61,2025-02-14 23:42:36.946560
U001021,477,2,134.67,2024-07-26 14:54:36.213904
U001022,584,1,324.65,2024-04-10 11:29:29.342895
U001024,402,1,354.49,2024-10-09 23:42:50.449067
U001026,603,1,51.25,2024-03-22 22:43:48.726199
U001028,45,1,751.36,2025-10-01 13:35:18.530484
U001029,155,2,2079.1,2025-06-13 18:27:12.680796
U001030,378,1,251.36,2024-11-02 09:13:17.870366
U001032,173,2,1680.87,2025-05-26 06:11:53.945940
U001040,501,1,109.53,2024-07-02 04:04:58.650789
U001041,234,2,642.26,2025-03-26 19:16:55.229651
U001043,284,3,3148.14,2025-02-04 03:23:25.733173
U001044,196,1,815.47,2025-05-03 17:24:18.635610
U001047,383,1,168.44,2024-10-28 02:49:39.723418
U001048,117,2,198.95,2025-07-21 04:33:18.696743
U001050,158,1,311.4,2025-06-10 21:12:03.237885
U001052,87,3,1045.75,2025-08-20 06:39:11.285050
U001053,81,2,212.13,2025-08-26 05:25:14.139174
U001054,96,4,891.05,2025-08-11 20:24:14.684835
U001056,598,1,41.51,2024-03-27 00:44:49.004884
U001057,680,1,95.94,2024-01-05 23:22:37.778961
U001058,568,1,18.2,2024-04-26 23:37:33.356633
U001059,305,1,845.26,2025-01-14 19:16:21.391939
U001060,290,2,130.63,2025-01-29 05:55:45.004723
U001061,155,1,1433.78,2025-06-13 13:20:28.668100
U001063,235,1,1011.64,2025-03-25 13:15:35.371641
U001065,88,1,545.45,2025-08-19 21:51:44.531410
U001066,481,2,916.34,2024-07-22 22:41:19.630552
U001067,183,2,2602.27,2025-05-16 04:52:51.188959
U001068,545,1,1400.72,2024-05-19 21:47:00.965581
U001074,530,1,30.77,2024-06-03 01:41:58.990369
U001076,598,1,281.73,2024-03-27 05:39:59.677756
U001077,261,1,305.0,2025-02-27 07:20:04.283099
U001078,318,1,483.46,2025-01-01 08:18:01.228890
U001079,112,1,222.67,2025-07-26 12:54:02.862207
U001080,230,3,340.8,2025-03-30 19:53:59.420697
U001081,58,2,3013.72,2025-09-18 00:55:54.060892
U001083,119,1,271.73,2025-07-19 11:34:07.686342
U001084,308,1,90.64,2025-01-11 20:45:35.770459
U001085,247,2,282.14,2025-03-13 22:41:44.743965
U001088,72,1,2142.16,2025-09-04 11:16:20.622381
U001089,337,1,538.47,2024-12-13 19:43:47.454663
U001090,95,1,510.01,2025-08-12 12:14:43.225960
U001091,621,1,123.2,2024-03-04 08:23:34.036067
U001093,467,1,370.3,2024-08-05 21:30:33.961319
U001094,342,2,2168.77,2024-12-08 09:33:51.237509
U001095,280,1,21.74,2025-02-08 18:01:40.540540
U001097,19,2,553.47,2025-10-27 06:54:19.356756
U001098,152,2,292.9,2025-06-16 18:14:12.560076
U001099,159,1,676.19,2025-06-09 01:53:51.420966
U001101,147,1,72.69,2025-06-21 02:23:10.508949
U001103,303,1,962.03,2025-01-16 22:48:59.011264
U001106,367,1,202.61,2024-11-13 21:30:58.215184
U001107,512,1,42.15,2024-06-21 15:00:40.976490
U001109,78,2,1482.17,2025-08-29 17:17:00.962723
U001111,130,2,570.4,2025-07-08 16:19:33.709034
U001113,105,2,240.27,2025-08-02 12:49:59.955904
U001114,387,1,84.79,2024-10-24 09:10:24.751159
U001116,223,1,233.49,2025-04-06 03:02:36.242093
U001117,412,3,3241.54,2024-09-29 10:17:13.108004
U001118,422,1,1742.92,2024-09-19 13:43:10.931444
U001122,631,1,471.27,2024-02-23 21:28:39.330193
U001123,63,1,604.62,2025-09-13 14:37:43.928454
U001128,398,2,249.2,2024-10-13 19:24:52.277665
U001129,589,1,8.44,2024-04-05 11:08:46.397247
U001130,209,1,474.34,2025-04-20 20:18:53.558182
U001131,334,1,215.95,2024-12-16 03:27:18.228707
U001132,275,3,1796.15,2025-02-13 22:25:03.712572
U001135,450,2,506.33,2024-08-22 15:44:12.308357
U001136,122,1,1917.51,2025-07-16 16:02:17.584375
U001137,6,1,394.91,2025-11-09 12:27:52.838556
U001138,456,1,706.95,2024-08-16 15:54:22.795796
U001139,417,3,3887.62,2024-09-24 01:26:54.289350
U001140,387,1,152.24,2024-10-24 11:39:18.130152
U001141,505,1,415.34,2024-06-28 05:13:57.370670
U001142,68,3,2344.65,2025-09-08 04:16:33.750489
U001144,210,1,1827.88,2025-04-19 08:51:43.591236
U001145,26,3,1807.16,2025-10-20 18:59:08.116669
U001149,137,1,195.36,2025-07-01 03:59:32.297307
U001151,92,3,3426.43,2025-08-15 19:28:55.767967
U001153,196,3,1606.92,2025-05-03 03:55:04.162812
U001157,397,1,2155.96,2024-10-14 13:59:17.031350
U001161,525,3,2722.91,2024-06-08 23:08:25.765383
U001162,344,1,521.7,2024-12-06 21:17:46.944554
U001163,333,1,195.46,2024-12-17 14:44:45.002470
U001164,311,1,275.91,2025-01-08 08:54:25.953517
U001165,611,1,84.54,2024-03-14 22:40:09.188697
U001168,424,1,3618.88,2024-09-17 11:35:52.013600
U001170,153,2,265.82,2025-06-15 21:23:58.753285
U001172,498,1,72.73,2024-07-05 01:21:02.964766
U001175,442,1,907.64,2024-08-30 07:08:57.629843
U001176,300,3,1196.61,2025-01-19 00:51:52.907032
U001177,510,1,42.04,2024-06-23 03:11:22.854099
U001180,22,1,204.78,2025-10-24 10:05:20.348426
U001181,152,3,484.37,2025-06-16 06:30:27.848507
U001182,86,2,547.99,2025-08-21 09:50:27.197617
U001183,311,1,1436.46,2025-01-08 00:36:49.722224
U001184,437,1,23.32,2024-09-04 04:11:45.596386
U001186,181,1,699.62,2025-05-18 10:26:24.339002
U001189,239,1,112.83,2025-03-21 02:09:59.376821
U001192,9,1,1212.47,2025-11-06 03:51:59.230834
U001193,83,2,1583.2,2025-08-24 01:18:30.668836
U001194,538,1,1804.51,2024-05-26 17:56:16.712444
U001195,280,2,1290.22,2025-02-08 15:57:51.902686
U001197,204,1,1463.26,2025-04-25 03:20:17.593089
U001198,469,1,250.41,2024-08-03 09:41:42.670817
U001200,669,1,778.08,2024-01-16 22:40:38.708626
U001202,52,2,920.89,2025-09-24 00:50:44.930250
U001204,499,2,356.89,2024-07-04 06:55:05.894885
U001205,180,1,59.97,2025-05-19 19:50:04.752371
U001206,389,1,621.12,2024-10-22 10:34:35.838304
U001208,572,1,1477.45,2024-04-22 23:06:43.548711
U001210,303,1,219.95,2025-01-16 00:12:51.722750
U001211,326,3,392.54,2024-12-24 02:53:25.428781
U001212,489,1,1011.51,2024-07-14 22:06:43.072573
U001214,13,2,993.48,2025-11-02 00:17:43.407027
U001215,96,1,399.06,2025-08-11 09:07:05.670264
U001216,335,2,2226.63,2024-12-15 19:28:59.322829
U001218,450,1,1127.47,2024-08-22 23:37:31.920319
U001219,42,1,3227.9,2025-10-04 06:04:04.578611
U001221,681,1,187.33,2024-01-04 22:09:11.991898
U001223,492,1,1736.98,2024-07-11 14:52:01.064202
U001224,62,3,431.09,2025-09-14 11:30:39.749290
U001225,9,2,516.26,2025-11-06 04:55:25.988829
U001226,642,1,148.45,2024-02-12 20:48:41.267679
U001227,652,1,1047.18,2024-02-02 16:47:49.746787
U001229,34,1,1504.2,2025-10-12 04:46:29.730899
U001230,426,1,490.82,2024-09-15 11:41:49.996699
U001235,176,2,516.63,2025-05-23 20:12:56.729601
U001236,558,1,313.99,2024-05-06 05:01:05.499626
U001240,174,1,74.93,2025-05-25 22:08:43.503048
U001244,211,2,273.63,2025-04-18 03:56:28.683027
U001245,73,2,556.55,2025-09-03 21:48:53.101450
U001247,62,1,232.25,2025-09-14 07:07:32.878412
U001249,381,2,874.39,2024-10-30 20:31:00.665921
U001250,272,2,856.44,2025-02-16 08:37:53.707718
U001252,108,2,1023.41,2025-07-30 06:22:14.360916
U001253,48,1,791.6,2025-09-28 16:07:21.457113
U001254,121,2,375.44,2025-07-17 20:11:16.545877
U001255,31,2,913.56,2025-10-15 09:42:48.903544
U001256,186,2,483.89,2025-05-13 03:33:23.243119
U001257,187,2,68.12,2025-05-12 09:37:40.725714
U001260,172,3,484.2,2025-05-27 16:22:15.842776
U001263,166,1,40.8,2025-06-02 05:07:16.215483
U001264,300,3,403.07,2025-01-19 07:28:09.221864
U001266,464,1,40.84,2024-08-08 15:53:12.428961
U001269,408,1,78.11,2024-10-03 23:55:11.020518
U001270,174,1,138.24,2025-05-25 09:40:24.755815
U001271,61,2,2814.38,2025-09-15 05:01:45.812804
U001275,645,1,247.99,2024-02-09 10:05:36.788951
U001277,490,1,603.06,2024-07-13 19:13:23.643077
U001280,623,1,1839.84,2024-03-02 01:28:05.388915
U001281,496,1,30.5,2024-07-07 07:39:42.683762
U001282,587,1,93.84,2024-04-07 10:22:19.759792
U001283,656,1,821.1,2024-01-29 16:23:19.746238
U001285,441,3,709.34,2024-08-31 19:27:34.612515
U001287,24,1,339.71,2025-10-22 06:20:39.901656
U001288,373,1,250.04,2024-11-07 23:30:13.251263
U001291,548,1,295.84,2024-05-16 18:20:26.539124
U001292,484,1,937.85,2024-07-19 18:15:38.038244
U001293,152,2,1918.04,2025-06-16 20:11:06.182303
U001294,180,2,3957.75,2025-05-19 20:49:51.237128
U001295,607,1,94.66,2024-03-18 19:14:09.332404
U001299,478,1,862.24,2024-07-25 08:31:58.937206
U001300,447,2,1492.43,2024-08-25 03:35:09.583332
U001301,609,1,1544.1,2024-03-16 19:17:55.968755
U001303,260,3,1336.74,2025-02-28 17:33:39.761259
U001304,131,2,840.59,2025-07-07 14:10:35.910563
U001305,603,1,719.68,2024-03-22 13:18:04.316642
U001308,134,1,425.58,2025-07-04 13:04:21.032406
U001309,314,3,638.73,2025-01-05 19:22:03.717300
U001311,58,3,2197.37,2025-09-18 13:41:52.969214
U001314,416,1,10.35,2024-09-25 04:56:59.757847
U001315,450,1,633.59,2024-08-22 05:28:13.210013
U001316,165,1,492.48,2025-06-03 09:51:57.900862
U001317,662,1,296.79,2024-01-23 20:15:44.313074
U001318,301,1,34.02,2025-01-18 02:30:27.953962
U001320,457,1,108.38,2024-08-15 08:29:39.594259
U001322,420,2,1336.73,2024-09-21 12:42:57.450933
U001325,40,1,293.47,2025-10-06 15:07:46.180846
U001326,332,1,221.26,2024-12-18 21:13:58.321224
U001327,386,1,334.34,2024-10-25 01:03:20.980146
U001329,212,1,918.2,2025-04-17 01:11:37.707135
U001331,361,1,1660.09,2024-11-19 17:43:59.567662
U001332,576,1,288.25,2024-04-18 13:17:04.206103
U001337,125,2,1377.5,2025-07-13 17:31:47.851039
U001340,440,3,1151.79,2024-09-01 09:15:33.051948
U001341,346,2,350.78,2024-12-04 23:18:56.562245
U001343,657,1,435.87,2024-01-28 16:13:48.941982
U001344,470,2,2956.05,2024-08-02 13:06:45.170090
U001346,486,1,538.42,2024-07-17 03:06:32.980944
U001347,570,1,757.5,2024-04-24 20:51:07.896425
U001350,603,1,259.01,2024-03-22 05:22:25.322051
U001351,19,1,1528.09,2025-10-27 23:48:50.683443
U001353,664,1,26.08,2024-01-21 10:39:56.294739
U001356,207,2,1088.49,2025-04-22 09:51:26.743308
U001357,42,1,492.29,2025-10-04 13:10:17.193016
U001360,42,1,525.22,2025-10-04 23:13:51.106692
U001362,250,1,1565.59,2025-03-10 21:17:45.005275
U001363,47,1,311.96,2025-09-29 18:30:22.647545
U001364,532,1,18.47,2024-06-01 11:29:46.955173
U001365,75,1,301.11,2025-09-01 02:19:43.726498
U001366,625,1,15.87,2024-02-29 09:02:23.162317
U001367,427,1,248.31,2024-09-14 17:40:13.001962
U001368,359,1,54.55,2024-11-21 05:53:42.476559
U001373,64,1,827.98,2025-09-12 15:11:22.787555
U001374,558,1,2610.31,2024-05-06 02:53:12.913317
U001376,189,1,230.1,2025-05-10 06:42:49.827162
U001377,218,1,1907.59,2025-04-11 23:41:54.784428
U001379,338,3,327.32,2024-12-12 11:44:47.197678
U001381,75,3,2179.34,2025-09-01 10:21:46.141855
U001382,655,1,708.22,2024-01-30 14:15:56.383849
U001383,144,4,1205.52,2025-06-24 11:19:20.506228
U001384,512,1,120.82,2024-06-21 21:14:47.839715
U001385,678,1,339.38,2024-01-07 07:51:52.764591
U001387,386,1,85.61,2024-10-25 11:21:38.526012
U001388,354,2,484.58,2024-11-26 04:04:47.813131
U001389,155,2,1508.77,2025-06-13 22:10:28.696201
U001393,135,2,2493.58,2025-07-03 00:12:01.806808
U001394,51,1,620.82,2025-09-25 01:51:04.720319
U001397,3,1,447.6,2025-11-12 00:02:13.236813
U001398,342,1,402.72,2024-12-08 14:22:54.879759
U001399,11,1,1437.35,2025-11-04 00:15:12.454882
U001401,393,2,164.27,2024-10-18 01:59:13.636600
U001402,127,1,593.24,2025-07-11 17:48:43.755204
U001403,583,1,1175.49,2024-04-11 13:29:27.376188
U001404,170,1,131.24,2025-05-29 05:58:28.560613
U001406,494,1,1261.37,2024-07-09 23:19:01.795896
U001407,265,1,177.64,2025-02-23 10:37:32.847620
U001408,234,1,1376.79,2025-03-26 02:11:26.868310
U001410,575,1,303.15,2024-04-19 02:06:06.457489
U001411,144,1,852.12,2025-06-24 12:49:07.169770
U001412,389,1,1266.26,2024-10-22 15:30:03.513353
U001415,541,1,676.49,2024-05-23 12:04:11.445708
U001416,646,1,9.28,2024-02-08 08:14:10.419990
U001418,69,2,713.8,2025-09-07 00:57:56.244266
U001419,189,1,309.12,2025-05-10 07:27:44.172575
U001421,387,1,68.6,2024-10-24 22:14:03.314538
U001423,33,1,405.41,2025-10-13 06:21:50.003969
U001424,474,2,153.65,2024-07-29 09:54:47.552838
U001426,407,1,122.27,2024-10-04 20:24:56.726543
U001430,42,1,132.51,2025-10-04 02:01:36.778658
U001431,389,1,1072.77,2024-10-22 06:57:05.319505
U001432,50,2,1273.86,2025-09-26 20:10:47.426284
U001434,263,1,179.2,2025-02-25 18:11:26.356350
U001435,22,2,388.71,2025-10-24 09:38:21.775059
U001438,207,2,1543.68,2025-04-22 23:17:29.557582
U001440,152,1,42.15,2025-06-16 19:27:35.489335
U001443,645,1,334.25,2024-02-09 07:21:34.156476
U001445,657,1,83.52,2024-01-28 10:20:49.192678
U001446,472,1,85.89,2024-07-31 02:40:34.415652
U001449,57,2,960.1,2025-09-19 04:24:24.545609
U001451,670,1,180.32,2024-01-15 20:06:50.152392
U001452,189,2,1464.37,2025-05-10 20:47:39.597178
U001453,216,3,4465.4,2025-04-13 08:21:35.627137
U001454,204,2,2980.77,2025-04-25 10:32:32.409219
U001455,271,1,77.84,2025-02-17 01:42:35.132647
U001457,578,1,799.49,2024-04-16 00:36:30.501241
U001458,48,1,586.84,2025-09-28 10:39:21.898961
U001460,43,1,85.2,2025-10-03 10:51:15.120734
U001462,680,1,89.08,2024-01-05 17:56:23.527047
U001465,20,2,3891.63,2025-10-26 09:00:57.754808
U001468,570,1,460.66,2024-04-24 21:26:29.331992
U001469,231,1,54.42,2025-03-29 22:24:02.449098
U001470,116,2,1854.14,2025-07-22 01:00:35.246772
U001471,29,1,20.74,2025-10-17 03:51:56.877190
U001472,373,1,1318.97,2024-11-07 08:10:31.356688
U001473,385,1,61.39,2024-10-26 16:54:29.600655
U001474,599,1,2215.32,2024-03-26 20:29:01.585631
U001475,282,1,8.24,2025-02-06 13:45:45.227772
U001476,177,1,146.53,2025-05-22 16:21:17.004920
U001479,53,2,2031.46,2025-09-23 10:58:30.727454
U001480,390,1,428.15,2024-10-21 22:33:41.119946
U001482,604,1,119.1,2024-03-21 11:32:18.478262
U001483,597,1,233.7,2024-03-28 04:49:11.729054
U001487,420,1,191.89,2024-09-21 14:57:40.004642
U001488,585,1,486.86,2024-04-09 22:01:02.074219
U001489,431,1,97.69,2024-09-10 17:06:33.248096
U001491,143,2,323.09,2025-06-25 10:23:14.648738
U001492,113,3,1648.17,2025-07-25 19:41:36.180058
U001497,310,1,994.96,2025-01-09 10:39:26.333603
U001498,479,1,28.18,2024-07-24 04:16:11.634315
U001500,396,1,414.05,2024-10-15 07:45:59.900879
U001501,424,1,254.76,2024-09-17 04:52:56.350817
U001502,258,2,203.97,2025-03-02 16:59:47.048284
U001504,582,1,176.65,2024-04-12 22:04:03.286394
U001508,270,1,1021.04,2025-02-18 12:03:06.989711
U001509,6,2,1777.3,2025-11-09 08:26:56.867268
U001512,137,2,743.59,2025-07-01 00:23:04.734286
U001513,505,2,1433.5,2024-06-28 11:52:42.868537
U001515,114,2,1299.85,2025-07-24 11:04:08.045303
U001517,484,1,231.8,2024-07-19 21:15:54.319128
U001518,438,1,228.8,2024-09-03 04:19:19.272144
U001521,319,2,965.61,2024-12-31 21:44:17.274888
U001522,540,1,226.85,2024-05-24 21:10:56.284017
U001523,10,2,2834.05,2025-11-05 10:42:40.395648
U001525,213,2,130.27,2025-04-16 06:33:39.289727
U001526,477,1,60.85,2024-07-26 02:55:02.529641
U001527,576,1,295.05,2024-04-18 02:33:04.481075
U001529,73,3,579.62,2025-09-03 04:38:06.642648
U001530,79,2,1265.68,2025-08-28 23:34:00.054556
U001531,63,1,511.88,2025-09-13 15:01:27.886029
U001533,473,1,236.7,2024-07-30 21:52:19.066811
U001537,153,4,2614.77,2025-06-15 18:55:02.603555
U001539,613,1,88.39,2024-03-12 12:56:46.696105
U001540,482,1,585.71,2024-07-21 15:26:31.550442
U001541,481,2,176.63,2024-07-22 07:58:46.591600
U001544,116,1,376.18,2025-07-22 05:43:35.987148
U001549,388,1,424.69,2024-10-23 12:36:45.219479
U001550,23,3,772.77,2025-10-23 14:25:56.727696
U001551,61,1,96.97,2025-09-15 16:43:59.577700
U001552,606,1,46.5,2024-03-19 11:33:58.742420
U001553,570,1,495.53,2024-04-24 05:20:22.089831
U001554,273,1,354.88,2025-02-15 01:07:22.775746
U001555,591,1,47.35,2024-04-03 19:44:15.531091
U001558,425,1,242.73,2024-09-16 12:53:51.540970
U001559,552,1,1628.6,2024-05-12 07:17:13.119728
U001562,608,1,18.65,2024-03-17 21:30:00.158899
U001563,373,1,83.52,2024-11-07 01:59:02.030741
U001565,38,4,824.35,2025-10-08 12:24:31.747369
U001567,579,1,584.3,2024-04-15 22:53:54.303074
U001568,242,2,595.05,2025-03-18 04:06:33.709343
U001570,512,1,244.44,2024-06-21 18:46:57.705881
U001571,97,1,104.27,2025-08-10 12:54:19.438031
U001572,161,3,1133.49,2025-06-07 21:38:24.152651
U001573,224,1,106.41,2025-04-05 05:27:21.290798
U001574,481,2,1504.83,2024-07-22 02:15:40.778547
U001576,421,1,131.94,2024-09-20 03:44:49.959552
U001577,492,1,1305.24,2024-07-11 05:36:45.286587
U001578,261,2,2477.35,2025-02-27 21:36:36.595428
U001579,94,1,331.98,2025-08-13 12:27:36.640376
U001580,432,1,38.54,2024-09-09 09:51:50.912775
U001585,15,1,1444.97,2025-10-31 13:31:49.568626
U001586,495,1,788.14,2024-07-08 21:53:04.266497
U001588,599,1,336.44,2024-03-26 03:46:00.284606
U001590,482,1,226.24,2024-07-21 18:04:45.380568
U001592,649,1,210.15,2024-02-05 10:33:34.370097
U001593,148,1,290.88,2025-06-20 07:41:48.555914
U001594,53,1,1613.29,2025-09-23 08:20:47.757422
U001599,634,1,237.03,2024-02-20 17:01:18.156669
U001602,500,1,716.39,2024-07-03 21:15:51.999411
U001604,27,2,1127.16,2025-10-19 06:11:47.483851
U001605,315,1,444.67,2025-01-04 18:47:16.231573
U001606,292,1,24.22,2025-01-27 10:18:27.398645
U001609,218,1,197.07,2025-04-11 06:31:52.791557
U001610,182,1,76.79,2025-05-17 10:28:19.582548
U001611,334,3,589.62,2024-12-16 08:30:48.649196
U001612,421,1,389.54,2024-09-20 11:46:56.468250
U001613,319,1,378.92,2024-12-31 06:21:01.830982
U001614,234,1,119.58,2025-03-26 16:17:06.033077
U001617,643,1,16.65,2024-02-11 12:52:38.052378
U001618,99,1,5.67,2025-08-08 02:24:09.309064
U001620,501,1,20.74,2024-07-02 12:00:04.930797
U001621,205,1,2428.57,2025-04-24 20:51:33.849073
U001623,134,1,99.51,2025-07-04 14:11:42.728673
U001624,136,1,164.18,2025-07-02 20:56:39.644074
U001625,562,1,658.61,2024-05-02 05:53:51.822802
U001626,444,1,29.34,2024-08-28 22:10:49.813420
U001627,312,1,241.88,2025-01-07 13:55:12.497223
U001628,90,2,546.37,2025-08-17 00:33:12.865036
U001631,539,1,353.2,2024-05-25 04:21:39.043878
U001632,303,1,1594.59,2025-01-16 13:36:04.273245
U001635,636,1,194.2,2024-02-18 09:35:32.906172
U001637,511,1,2289.11,2024-06-22 20:34:49.735716
U001639,622,1,229.25,2024-03-03 09:35:55.544216
U001642,130,2,375.24,2025-07-08 09:44:19.673489
U001644,249,1,193.12,2025-03-11 09:52:58.790553
U001646,23,3,6070.74,2025-10-23 23:42:26.425387
U001648,378,1,297.79,2024-11-02 23:25:07.602211
U001650,527,1,3404.65,2024-06-06 13:58:45.696424
U001651,404,1,1788.65,2024-10-07 16:24:38.280625
U001652,503,1,39.15,2024-06-30 11:44:04.227702
U001653,136,1,347.29,2025-07-02 06:29:26.386874
U001655,143,1,822.63,2025-06-25 14:23:35.485743
U001658,133,1,73.64,2025-07-05 14:51:24.027379
U001660,313,2,1379.78,2025-01-06 16:22:36.023250
U001664,522,2,1392.57,2024-06-11 11:22:43.724517
U001665,204,2,317.99,2025-04-25 18:21:13.475279
U001666,426,3,722.57,2024-09-15 08:13:14.742189
U001668,170,2,1655.58,2025-05-29 23:39:11.094285
U001670,514,1,69.34,2024-06-19 03:29:48.897010
U001671,279,1,91.48,2025-02-09 16:42:10.186532
U001672,13,2,415.91,2025-11-02 10:08:56.112705
U001673,326,1,408.8,2024-12-24 12:25:20.191148
U001674,659,1,1472.48,2024-01-26 19:29:44.569205
U001675,467,1,148.86,2024-08-05 04:45:43.151919
U001676,174,2,1189.77,2025-05-25 05:40:54.472247
U001677,211,1,638.48,2025-04-18 16:55:42.483355
U001679,7,1,1114.47,2025-11-08 10:05:38.495607
U001680,245,1,222.21,2025-03-15 18:29:14.554520
U001686,639,1,315.73,2024-02-15 01:53:55.772171
U001687,111,1,3418.84,2025-07-27 06:31:44.865470
U001690,652,1,45.66,2024-02-02 12:08:36.901065
U001692,14,3,957.01,2025-11-01 16:09:55.645920
U001693,147,1,679.87,2025-06-21 17:37:00.640137
U001694,479,1,97.26,2024-07-24 10:46:28.369137
U001695,42,1,34.13,2025-10-04 00:18:02.085809
U001697,312,1,128.22,2025-01-07 12:10:49.200170
U001698,335,1,376.31,2024-12-15 08:01:30.334289
U001699,552,1,609.14,2024-05-12 05:07:45.917981
U001700,239,2,624.63,2025-03-21 21:17:54.906119
U001703,105,2,2285.33,2025-08-02 17:25:53.740803
U001708,426,1,2121.05,2024-09-15 01:00:58.101125
U001709,111,2,264.84,2025-07-27 14:22:24.067189
U001711,624,1,235.46,2024-03-01 08:02:30.291255
U001712,248,1,808.67,2025-03-12 09:48:07.124609
U001713,125,3,600.31,2025-07-13 08:50:13.061692
U001714,307,2,929.35,2025-01-12 17:48:32.971215
U001718,36,3,2366.45,2025-10-10 03:07:43.571036
U001719,139,2,502.38,2025-06-29 08:51:03.200390
U001722,172,2,453.13,2025-05-27 18:24:18.784603
U001724,383,1,68.67,2024-10-28 06:23:49.377393
U001731,114,1,108.57,2025-07-24 19:01:46.897449
U001733,463,2,706.76,2024-08-09 02:08:59.885239
U001734,154,2,663.67,2025-06-14 07:38:14.900836
U001736,210,3,689.23,2025-04-19 09:04:36.604436
U001737,362,2,1017.01,2024-11-18 02:23:46.625489
U001739,144,1,2963.85,2025-06-24 08:43:28.030316
U001740,338,2,1275.26,2024-12-12 04:08:17.492483
U001741,122,1,1607.69,2025-07-16 20:23:10.561555
U001744,208,2,1237.82,2025-04-21 04:06:43.307414
U001745,523,1,21.1,2024-06-10 12:12:48.858747
U001746,76,1,586.17,2025-08-31 16:44:06.051511
U001747,627,1,479.14,2024-02-27 12:56:29.406569
U001750,540,1,1538.18,2024-05-24 15:31:50.141346
U001751,409,1,200.53,2024-10-02 10:13:00.536407
U001753,26,1,18.65,2025-10-20 19:39:37.952980
U001754,504,1,120.54,2024-06-29 19:28:48.026307
U001755,577,1,515.42,2024-04-17 03:29:38.095020
U001757,269,3,1178.88,2025-02-19 18:22:40.169297
U001758,144,1,210.39,2025-06-24 13:43:11.203994
U001759,23,3,533.6,2025-10-23 14:39:53.536172
U001760,624,1,400.48,2024-03-01 16:41:09.204531
U001762,92,2,2320.38,2025-08-15 15:36:35.179185
U001763,377,2,3729.27,2024-11-03 22:10:58.661925
U001764,169,1,358.24,2025-05-30 00:51:24.299609
U001766,604,1,489.1,2024-03-21 01:22:17.200566
U001768,10,2,200.59,2025-11-05 02:21:05.582015
U001771,93,2,2192.81,2025-08-14 14:14:05.350237
U001772,553,1,366.84,2024-05-11 22:07:36.092699
U001775,561,2,594.03,2024-05-03 18:43:25.328592
U001777,234,2,507.07,2025-03-26 16:48:00.844908
U001782,41,3,4240.16,2025-10-05 22:14:24.494642
U001784,22,2,1932.92,2025-10-24 17:58:19.693648
U001785,254,3,2100.38,2025-03-06 18:51:07.146940
U001788,558,1,787.21,2024-05-06 05:49:20.090326
U001789,387,1,118.9,2024-10-24 07:26:14.482426
U001790,161,1,850.41,2025-06-07 05:52:45.412583
U001792,146,1,417.26,2025-06-22 03:31:12.123041
U001795,226,1,1677.09,2025-04-03 15:19:47.911598
U001796,284,1,499.03,2025-02-04 21:25:30.482432
U001798,361,1,316.0,2024-11-19 11:08:38.389472
U001799,6,4,2957.44,2025-11-09 14:05:12.215014
U001801,570,1,546.38,2024-04-24 15:25:34.446507
U001802,305,2,822.6,2025-01-14 10:04:28.006731
U001803,356,2,473.62,2024-11-24 09:34:23.441501
U001804,107,1,154.28,2025-07-31 06:12:02.300597
U001806,318,3,900.04,2025-01-01 10:43:00.623131
U001808,60,2,1825.36,2025-09-16 17:30:12.926899
U001810,313,2,662.67,2025-01-06 13:10:52.981016
U001813,214,2,153.59,2025-04-15 23:27:29.482907
U001816,627,1,455.87,2024-02-27 05:35:27.257008
U001817,56,1,1378.17,2025-09-20 03:17:31.952790
U001821,574,1,22.47,2024-04-20 09:58:41.300995
U001822,137,1,1389.28,2025-07-01 14:22:47.735086
U001824,3,2,147.83,2025-11-12 06:42:30.602465
U001825,146,1,81.28,2025-06-22 23:46:21.734481
U001827,556,2,547.55,2024-05-08 23:27:47.626202
U001833,358,1,1296.82,2024-11-22 13:35:46.878202
U001835,299,2,1932.86,2025-01-20 20:09:46.571262
U001836,177,1,57.27,2025-05-22 02:57:44.180897
U001837,634,1,102.72,2024-02-20 20:38:45.668139
U001838,445,2,2138.32,2024-08-27 01:52:56.016533
U001839,45,1,14.33,2025-10-01 00:18:08.747929
U001840,106,1,65.91,2025-08-01 18:45:16.806330
U001841,431,1,33.99,2024-09-10 08:53:28.476387
U001842,235,3,2581.15,2025-03-25 11:54:35.373262
U001844,406,2,1555.51,2024-10-05 19:58:58.982471
U001845,369,1,139.02,2024-11-11 10:30:30.753033
U001849,220,1,188.15,2025-04-09 03:23:51.328625
U001850,204,2,553.7,2025-04-25 08:22:11.166129
U001853,472,2,168.33,2024-07-31 12:28:09.037806
U001854,178,1,3.69,2025-05-21 23:00:50.944010
U001855,371,1,33.93,2024-11-09 04:58:04.247520
U001857,57,1,819.76,2025-09-19 11:12:13.404354
U001858,186,2,1504.86,2025-05-13 06:09:15.683938
U001859,241,1,121.55,2025-03-19 11:11:48.455684
U001860,270,1,825.34,2025-02-18 09:14:31.403630
U001861,567,1,473.37,2024-04-27 02:03:10.564584
U001862,13,1,50.14,2025-11-02 17:52:22.912873
U001864,605,1,204.76,2024-03-20 09:42:10.125388
U001865,483,1,218.8,2024-07-20 14:47:47.694973
U001867,676,1,126.29,2024-01-09 21:36:03.792440
U001868,83,1,507.8,2025-08-24 20:00:16.404714
U001871,212,3,2323.39,2025-04-17 14:50:26.852202
U001872,17,2,1795.17,2025-10-29 04:10:52.308767
U001877,474,1,124.89,2024-07-29 09:10:26.032425
U001879,619,1,638.05,2024-03-06 12:56:10.346437
U001880,648,1,1124.91,2024-02-06 02:35:40.475383
U001881,260,1,110.71,2025-02-28 04:26:22.342138
U001882,49,2,2697.19,2025-09-27 08:15:50.305653
U001884,107,1,476.01,2025-07-31 08:57:21.194810
U001885,8,2,985.02,2025-11-07 00:33:57.371729
U001886,125,4,3279.44,2025-07-13 00:08:14.397538
U001887,351,1,3038.98,2024-11-29 11:39:46.921813
U001889,236,1,101.71,2025-03-24 03:53:02.910362
U001890,130,1,4.94,2025-07-08 15:27:54.318120
U001893,52,3,1006.56,2025-09-24 13:00:50.277656
U001896,147,1,12.46,2025-06-21 04:11:37.861270
U001897,644,1,1050.94,2024-02-10 19:05:59.197524
U001906,552,1,48.09,2024-05-12 16:12:47.883424
U001909,202,1,114.32,2025-04-27 05:46:13.654433
U001912,88,1,289.54,2025-08-19 21:00:14.740216
U001915,114,1,468.21,2025-07-24 21:31:37.187192
U001916,206,1,3167.44,2025-04-23 14:47:57.416421
U001919,108,1,1021.12,2025-07-30 13:37:29.883828
U001922,509,1,252.09,2024-06-24 09:30:44.793081
U001923,670,1,790.69,2024-01-15 16:29:31.957983
U001924,205,1,111.31,2025-04-24 03:44:20.301724
U001925,164,2,1069.62,2025-06-04 15:56:18.027660
U001926,302,1,2011.89,2025-01-17 18:17:17.183645
U001927,80,3,915.61,2025-08-27 03:55:54.208984
U001930,611,1,153.56,2024-03-14 01:59:37.975365
U001931,37,2,1582.44,2025-10-09 21:11:38.985604
U001932,403,1,2111.43,2024-10-08 18:30:56.331706
U001934,594,1,45.18,2024-03-31 14:53:47.927457
U001935,538,1,3861.06,2024-05-26 06:50:49.393476
U001937,52,1,170.65,2025-09-24 02:55:48.304718
U001939,467,2,1024.19,2024-08-05 10:54:02.252669
U001943,660,1,24.2,2024-01-25 21:47:26.524191
U001948,220,1,126.16,2025-04-09 07:01:25.594555
U001950,29,2,815.0,2025-10-17 14:41:29.000648
U001951,399,1,293.36,2024-10-12 14:05:22.565935
U001954,684,1,56.57,2024-01-01 12:16:43.407069
U001955,528,1,260.9,2024-06-05 14:53:27.167660
U001956,372,2,824.34,2024-11-08 14:42:00.367583
U001959,44,1,253.62,2025-10-02 22:09:48.196999
U001960,74,2,780.35,2025-09-02 07:43:45.545368
U001961,594,1,431.12,2024-03-31 06:59:07.536799
U001962,89,1,4.19,2025-08-18 18:07:07.262111
U001965,411,1,942.91,2024-09-30 06:29:10.810950
U001966,350,1,59.65,2024-11-30 08:15:53.574836
U001967,508,1,177.68,2024-06-25 10:19:47.259459
U001968,235,1,439.71,2025-03-25 23:28:16.101286
U001972,617,1,393.53,2024-03-08 12:02:50.489263
U001973,20,3,609.06,2025-10-26 05:42:30.706028
U001974,321,1,1474.44,2024-12-29 07:30:05.103026
U001976,265,1,654.76,2025-02-23 15:40:51.975702
U001977,40,2,94.23,2025-10-06 09:39:02.971619
U001982,543,1,1473.2,2024-05-21 05:04:16.569175
U001983,89,2,4854.54,2025-08-18 12:51:10.857982
U001984,173,3,698.06,2025-05-26 18:52:41.578204
U001986,273,1,27.91,2025-02-15 16:19:55.031633
U001987,485,2,2037.31,2024-07-18 07:26:57.893321
U001988,232,3,914.35,2025-03-28 19:49:25.744471
U001990,94,3,294.19,2025-08-13 14:08:33.865042
U001991,285,2,124.85,2025-02-03 13:42:07.722037
U001992,564,1,2036.33,2024-04-30 15:24:33.031219
U001994,17,1,124.95,2025-10-29 08:00:31.051349
U001997,545,1,18.65,2024-05-19 06:35:06.627331
U001998,420,2,3920.83,2024-09-21 19:05:34.782699
U002001,281,1,1271.03,2025-02-07 06:22:11.074009
U002002,234,3,3173.27,2025-03-26 01:26:34.814908
U002003,497,1,2337.85,2024-07-06 20:58:43.623929
U002004,24,2,731.8,2025-10-22 01:21:45.066733
U002005,387,1,344.44,2024-10-24 04:35:08.456141
U002006,676,1,219.24,2024-01-09 21:54:48.872695
U002007,68,1,967.83,2025-09-08 00:03:46.581341
U002008,265,2,855.96,2025-02-23 01:13:38.368362
U002010,548,1,1385.18,2024-05-16 15:15:42.487985
U002011,543,1,510.63,2024-05-21 11:46:30.246110
U002012,58,3,4454.71,2025-09-18 15:32:26.168032
U002013,517,1,22.4,2024-06-16 18:30:15.880936
U002015,432,2,348.2,2024-09-09 21:03:05.403038
U002017,369,1,60.68,2024-11-11 19:31:33.180934
U002018,594,1,90.57,2024-03-31 15:53:02.477962
U002019,407,1,60.11,2024-10-04 05:39:36.784257
U002020,164,2,178.6,2025-06-04 11:34:10.223576
U002021,220,2,591.58,2025-04-09 22:38:48.862056
U002024,506,1,175.11,2024-06-27 11:53:40.718628
U002026,109,1,1039.79,2025-07-29 10:01:14.653875
U002028,65,2,550.62,2025-09-11 06:08:18.629968
U002029,378,1,176.48,2024-11-02 16:38:12.849132
U002032,208,3,634.66,2025-04-21 23:28:14.751752
U002033,585,1,20.93,2024-04-09 14:36:01.698300
U002034,88,2,422.14,2025-08-19 16:11:37.857812
U002040,182,1,142.05,2025-05-17 20:41:08.227271
U002041,563,1,196.49,2024-05-01 00:22:43.025946
U002042,482,1,68.12,2024-07-21 21:55:06.253301
U002044,594,1,332.16,2024-03-31 21:03:57.657468
U002045,69,1,402.94,2025-09-07 15:48:03.861997
U002047,60,3,1136.07,2025-09-16 20:02:06.861073
U002049,361,1,326.8,2024-11-19 21:20:20.715075
U002050,82,2,1520.52,2025-08-25 10:49:05.602172
U002052,231,2,1721.66,2025-03-29 23:30:34.739985
U002053,91,2,2056.72,2025-08-16 02:26:54.808834
U002055,449,1,370.71,2024-08-23 18:40:55.941717
U002067,147,3,529.58,2025-06-21 14:57:57.602845
U002069,79,1,1134.78,2025-08-28 21:47:26.061947
U002073,241,1,943.41,2025-03-19 01:12:18.966553
U002075,14,2,19.92,2025-11-01 19:04:03.021311
U002076,503,1,1908.06,2024-06-30 19:34:37.582909
U002079,603,1,81.63,2024-03-22 21:59:24.642417
U002080,178,2,853.77,2025-05-21 18:56:20.278423
U002082,221,1,151.12,2025-04-08 13:59:46.200878
U002083,153,1,1916.68,2025-06-15 07:17:47.491637
U002084,384,1,298.53,2024-10-27 14:52:54.768092
U002086,353,1,215.62,2024-11-27 23:00:14.261561
U002088,178,2,740.68,2025-05-21 16:31:51.565877
U002089,413,1,1640.19,2024-09-28 01:07:10.372981
U002090,662,1,970.1,2024-01-23 05:20:16.587148
U002098,275,1,682.02,2025-02-13 23:38:42.647546
U002102,115,3,2146.17,2025-07-23 15:21:03.222389
U002104,384,3,3418.21,2024-10-27 17:53:02.604101
U002105,46,1,45.24,2025-09-30 08:28:32.721415
U002106,376,1,215.71,2024-11-04 12:29:57.234795
U002107,403,1,13.34,2024-10-08 06:04:56.532202
U002111,461,1,27.07,2024-08-11 23:25:32.593579
U002114,328,4,1273.14,2024-12-22 07:15:49.813366
U002115,117,3,1361.18,2025-07-21 06:50:32.502414
U002117,378,2,866.19,2024-11-02 05:48:26.828104
U002120,44,3,923.27,2025-10-02 08:53:36.140023
U002123,435,2,832.86,2024-09-06 07:05:30.864077
U002125,13,1,234.49,2025-11-02 02:47:00.817597
U002126,588,1,527.09,2024-04-06 14:44:37.465243
U002128,43,3,687.74,2025-10-03 10:36:02.013133
U002130,535,1,33.49,2024-05-29 15:52:24.355798
U002131,343,1,313.17,2024-12-07 19:42:01.616440
U002133,27,1,391.52,2025-10-19 09:47:34.931820
U002136,606,1,12.34,2024-03-19 06:44:00.128316
U002138,395,1,128.53,2024-10-16 23:44:12.263490
U002139,34,2,2128.88,2025-10-12 16:45:14.341568
U002140,456,1,174.24,2024-08-16 08:04:37.266408
U002141,161,1,195.41,2025-06-07 15:16:32.369109
U002142,432,2,5434.81,2024-09-09 21:17:12.896535
U002143,153,2,793.77,2025-06-15 10:17:36.834107
U002144,409,2,294.57,2024-10-02 20:25:13.106766
U002146,309,1,153.71,2025-01-10 01:23:04.529045
U002147,332,2,905.37,2024-12-18 12:09:43.898762
U002148,599,1,805.22,2024-03-26 13:41:30.662817
U002149,32,2,2976.52,2025-10-14 21:18:22.627123
U002150,334,2,248.16,2024-12-16 03:58:55.659777
U002152,150,2,162.47,2025-06-18 12:02:16.206820
U002153,681,1,101.97,2024-01-04 10:43:17.710781
U002155,582,1,193.89,2024-04-12 07:55:59.642179
U002156,627,1,155.15,2024-02-27 16:43:45.377275
U002157,448,2,505.8,2024-08-24 14:59:02.548639
U002158,503,1,1889.87,2024-06-30 19:22:04.697982
U002159,451,1,145.19,2024-08-21 01:56:38.185321
U002160,363,1,187.75,2024-11-17 07:14:10.548628
U002162,27,1,2.92,2025-10-19 08:07:22.824255
U002166,62,1,371.22,2025-09-14 17:33:03.236611
U002167,303,1,521.8,2025-01-16 09:38:57.016526
U002169,158,1,598.3,2025-06-10 03:48:32.403211
U002171,157,1,175.68,2025-06-11 10:39:02.499519
U002172,81,2,1586.6,2025-08-26 04:06:34.078327
U002173,475,1,178.96,2024-07-28 13:12:40.750905
U002174,283,1,837.04,2025-02-05 19:17:15.867416
U002175,101,1,300.07,2025-08-06 01:54:12.748936
U002177,42,2,1847.75,2025-10-04 07:37:25.191265
U002178,531,1,1193.38,2024-06-02 01:04:47.385424
U002182,91,1,368.98,2025-08-16 06:32:59.059161
U002183,179,1,186.14,2025-05-20 06:21:50.650438
U002184,323,1,494.29,2024-12-27 13:10:35.286403
U002187,391,2,886.89,2024-10-20 01:40:15.918588
U002188,233,1,335.61,2025-03-27 03:56:10.980494
U002189,357,3,1022.94,2024-11-23 10:04:32.537565
U002192,405,1,824.25,2024-10-06 10:23:13.416113
U002194,41,1,1742.31,2025-10-05 10:52:04.954508
U002195,324,1,2828.55,2024-12-26 04:14:15.755444
U002199,97,2,376.89,2025-08-10 08:36:24.131426
U002200,196,2,1372.67,2025-05-03 07:20:31.669462
U002201,616,1,223.58,2024-03-09 03:44:40.074576
U002202,471,1,349.69,2024-08-01 21:59:02.715724
U002203,98,5,2063.69,2025-08-09 07:36:58.196767
U002204,96,2,105.36,2025-08-11 19:20:45.699520
U002205,73,1,719.73,2025-09-03 09:12:25.683541
U002206,248,1,250.41,2025-03-12 03:30:08.523185
U002207,684,1,1511.11,2024-01-01 22:46:48.617640
U002209,612,2,430.75,2024-03-13 06:14:28.341221
U002210,348,1,504.73,2024-12-02 10:26:36.914722
U002214,73,1,74.37,2025-09-03 06:35:22.183051
U002216,496,1,112.88,2024-07-07 12:25:39.106850
U002221,155,2,3765.26,2025-06-13 01:21:50.128254
U002222,335,2,2565.51,2024-12-15 09:49:38.519225
U002223,573,1,556.38,2024-04-21 22:50:06.192890
U002224,540,1,1272.5,2024-05-24 21:54:13.092134
U002226,175,1,127.41,2025-05-24 11:56:39.887463
U002227,80,2,1248.83,2025-08-27 19:57:01.065206
U002228,453,1,180.71,2024-08-19 23:31:07.023024
U002230,29,2,1294.9,2025-10-17 07:26:51.953735
U002232,542,1,320.41,2024-05-22 12:56:04.734815
U002237,237,1,241.36,2025-03-23 04:43:27.725801
U002238,672,1,313.53,2024-01-13 04:04:59.504130
U002239,206,1,868.13,2025-04-23 08:10:24.222697
U002240,91,4,2344.83,2025-08-16 20:41:17.594139
U002244,105,1,525.32,2025-08-02 18:47:45.784357
U002246,519,1,240.84,2024-06-14 18:23:42.259039
U002248,412,2,257.77,2024-09-29 05:41:54.456134
U002249,84,1,43.04,2025-08-23 20:55:41.361965
U002251,221,1,396.38,2025-04-08 11:40:04.522428
U002252,260,1,375.91,2025-02-28 23:56:37.229506
U002255,430,1,52.47,2024-09-11 23:22:41.017036
U002256,205,2,191.21,2025-04-24 19:41:24.767585
U002257,44,2,1061.42,2025-10-02 15:12:59.876238
U002258,293,1,601.59,2025-01-26 01:57:56.827482
U002259,389,1,6.79,2024-10-22 10:26:35.242975
U002260,7,2,1926.51,2025-11-08 02:22:23.217942
U002261,364,1,824.91,2024-11-16 07:25:32.076639
U002264,87,1,224.38,2025-08-20 08:50:17.886140
U002267,240,3,1183.38,2025-03-20 18:01:22.851288
U002268,608,1,80.1,2024-03-17 18:36:01.230735
U002271,83,2,1036.23,2025-08-24 11:54:30.771703
U002272,330,1,40.24,2024-12-20 08:05:24.476187
U002275,237,1,53.16,2025-03-23 11:08:13.015112
U002276,659,1,177.77,2024-01-26 10:48:55.321509
U002278,577,1,490.31,2024-04-17 05:08:05.769758
U002279,59,6,2382.3,2025-09-17 21:11:49.963471
U002283,140,1,111.99,2025-06-28 08:45:17.378421
U002286,136,3,3004.18,2025-07-02 19:39:17.670580
U002287,594,1,59.93,2024-03-31 19:26:42.534221
U002288,304,3,4287.97,2025-01-15 08:12:42.440717
U002289,161,2,1415.35,2025-06-07 12:48:13.822928
U002290,400,1,563.19,2024-10-11 03:03:03.592028
U002291,388,1,1120.82,2024-10-23 19:48:06.252146
U002295,207,2,1947.83,2025-04-22 04:40:10.491835
U002296,461,1,177.51,2024-08-11 04:43:46.084535
U002298,49,2,586.49,2025-09-27 08:58:47.060090
U002299,470,1,97.78,2024-08-02 06:56:15.163803
U002301,304,1,2066.26,2025-01-15 20:51:07.493709
U002302,139,2,1175.54,2025-06-29 16:37:42.016474
U002304,393,1,2363.37,2024-10-18 14:43:58.425834
U002307,668,1,296.42,2024-01-17 07:03:30.227160
U002309,165,2,95.49,2025-06-03 05:40:25.749995
U002310,234,1,598.42,2025-03-26 07:52:08.421788
U002311,167,1,331.27,2025-06-01 13:29:58.863995
U002312,109,1,41.55,2025-07-29 14:45:18.476956
U002313,33,1,872.48,2025-10-13 01:50:03.891420
U002315,262,3,508.0,2025-02-26 18:31:05.807266
U002316,662,1,2789.19,2024-01-23 14:22:53.973264
U002317,470,1,6.79,2024-08-02 00:46:55.061610
U002320,3,1,200.38,2025-11-12 23:42:23.789753
U002321,117,2,1204.85,2025-07-21 11:51:07.999134
U002322,552,2,822.55,2024-05-12 04:27:00.254961
U002323,209,1,157.95,2025-04-20 14:14:20.910989
U002324,459,1,157.79,2024-08-13 00:45:39.821941
U002328,228,1,458.59,2025-04-01 07:02:47.135137
U002329,81,1,243.96,2025-08-26 09:26:03.998136
U002331,279,2,1277.92,2025-02-09 17:59:10.579515
U002333,120,2,162.18,2025-07-18 17:48:20.008405
U002334,98,2,82.68,2025-08-09 17:05:42.178780
U002336,357,2,1379.46,2024-11-23 06:19:04.416110
U002337,625,1,64.46,2024-02-29 17:55:00.586713
U002339,386,1,94.82,2024-10-25 20:14:31.184258
U002341,444,1,250.14,2024-08-28 18:02:24.055045
U002342,122,1,985.28,2025-07-16 02:16:45.089618
U002344,80,1,486.86,2025-08-27 03:48:52.245662
U002345,36,1,861.2,2025-10-10 12:42:04.436657
U002346,134,1,340.09,2025-07-04 00:46:04.108910
U002347,611,1,183.53,2024-03-14 23:46:13.164176
U002348,415,1,26.54,2024-09-26 19:01:30.040816
U002352,505,2,4171.29,2024-06-28 13:43:22.631984
U002354,627,1,78.38,2024-02-27 17:52:05.429374
U002356,537,2,628.03,2024-05-27 23:43:13.442631
U002360,148,3,2282.03,2025-06-20 19:51:00.945398
U002361,249,1,47.18,2025-03-11 13:48:39.832043
U002362,57,2,3825.44,2025-09-19 17:37:48.579969
U002363,407,1,2619.06,2024-10-04 05:09:22.963892
U002367,192,1,5.44,2025-05-07 00:42:16.544341
U002368,419,1,107.31,2024-09-22 14:06:20.664990
U002369,118,1,284.44,2025-07-20 17:41:35.699658
U002370,235,1,392.25,2025-03-25 00:50:39.079539
U002371,145,1,477.81,2025-06-23 06:19:47.816643
U002372,91,2,107.78,2025-08-16 07:40:19.717787
U002373,664,1,61.82,2024-01-21 02:42:57.347428
U002376,184,1,5125.41,2025-05-15 13:46:00.436386
U002377,231,3,3531.89,2025-03-29 01:40:03.275896
U002379,669,1,754.84,2024-01-16 04:09:03.601317
U002381,413,2,88.0,2024-09-28 23:58:15.963575
U002382,68,1,1431.6,2025-09-08 04:32:36.033114
U002383,659,1,41.54,2024-01-26 05:58:43.885580
U002386,445,1,173.25,2024-08-27 14:13:51.694340
U002388,79,1,5.11,2025-08-28 09:04:44.878658
U002389,438,1,1623.86,2024-09-03 18:14:24.434302
U002390,475,1,1781.38,2024-07-28 02:10:13.446396
U002391,610,1,179.53,2024-03-15 22:06:59.792876
U002393,518,1,673.25,2024-06-15 01:22:15.854135
U002394,488,1,432.92,2024-07-15 05:05:05.009235
U002397,455,1,20.7,2024-08-17 04:38:01.994762
U002398,623,1,3096.09,2024-03-02 12:55:00.961091
U002399,355,2,1716.02,2024-11-25 21:56:52.020755
U002400,290,1,1187.3,2025-01-29 07:05:25.768935
U002402,297,1,835.5,2025-01-22 21:10:46.104930
U002404,322,4,2658.68,2024-12-28 04:45:14.052952
U002409,579,1,220.47,2024-04-15 14:26:07.617947
U002410,343,2,522.78,2024-12-07 13:14:48.971886
U002411,643,1,354.74,2024-02-11 07:37:24.827750
U002412,231,1,1515.7,2025-03-29 02:02:08.593484
U002417,92,2,1989.34,2025-08-15 02:08:34.214107
U002419,673,1,231.26,2024-01-12 07:05:31.282943
U002421,106,2,473.98,2025-08-01 08:09:20.880401
U002422,384,1,2719.97,2024-10-27 12:42:40.342868
U002423,444,1,892.77,2024-08-28 05:39:38.571436
U002426,138,2,728.31,2025-06-30 21:08:19.721035
U002427,293,1,1045.7,2025-01-26 21:29:58.911823
U002428,506,1,361.55,2024-06-27 23:47:24.917410
U002429,49,3,1352.88,2025-09-27 22:55:10.309317
U002430,293,2,455.65,2025-01-26 00:19:14.408605
U002431,281,2,53.36,2025-02-07 13:21:09.328529
U002432,175,1,52.18,2025-05-24 13:23:02.538522
U002434,486,1,310.09,2024-07-17 09:22:53.465179
U002436,209,2,637.81,2025-04-20 05:27:19.244328
U002437,315,1,396.1,2025-01-04 23:29:00.161223
U002438,282,3,731.84,2025-02-06 14:30:31.286503
U002440,155,2,4871.46,2025-06-13 02:23:42.566465
U002441,225,2,787.1,2025-04-04 13:00:44.112884
U002443,148,1,264.04,2025-06-20 14:26:25.229220
U002445,425,1,818.59,2024-09-16 01:10:53.515844
U002446,11,1,2842.51,2025-11-04 02:34:56.784223
U002449,445,1,33.17,2024-08-27 16:19:48.739571
U002450,650,1,191.8,2024-02-04 20:40:55.221947
U002451,134,1,437.22,2025-07-04 05:29:42.606491
U002454,215,2,2067.69,2025-04-14 14:10:30.928912
U002455,533,1,322.7,2024-05-31 13:26:06.906517
U002456,231,1,149.1,2025-03-29 17:55:58.137536
U002458,655,1,492.82,2024-01-30 01:34:30.268870
U002460,582,1,87.46,2024-04-12 16:46:29.841256
U002461,220,3,1685.64,2025-04-09 01:20:04.491137
U002464,48,1,794.88,2025-09-28 02:54:31.469825
U002465,99,4,1766.26,2025-08-08 19:33:16.632549
U002466,307,3,834.26,2025-01-12 22:36:36.141105
U002468,492,1,97.46,2024-07-11 03:03:32.059913
U002469,653,1,292.77,2024-02-01 02:04:42.939068
U002470,407,1,522.18,2024-10-04 01:49:08.337943
U002471,222,2,614.84,2025-04-07 23:01:59.396335
U002473,598,2,421.79,2024-03-27 11:04:46.252371
U002476,274,1,300.84,2025-02-14 15:11:24.021050
U002477,468,1,527.15,2024-08-04 16:51:27.024970
U002478,45,2,1047.62,2025-10-01 05:06:32.871423
U002479,393,2,380.3,2024-10-18 07:51:53.548344
U002481,322,1,312.63,2024-12-28 01:27:34.956573
U002484,1,1,302.05,2025-11-14 17:38:33.289962
U002485,264,1,76.59,2025-02-24 07:37:37.402736
U002486,137,1,390.1,2025-07-01 05:29:47.037432
U002487,584,1,939.82,2024-04-10 18:23:45.410166
U002488,498,1,559.13,2024-07-05 09:00:42.599079
U002489,112,1,66.93,2025-07-26 01:45:34.309504
U002490,342,4,1398.2,2024-12-08 09:40:14.634650
U002491,227,1,447.36,2025-04-02 13:13:50.115293
U002492,442,1,697.59,2024-08-30 11:33:35.177183
U002494,374,1,287.26,2024-11-06 13:47:35.116464
U002495,176,3,1979.32,2025-05-23 09:11:03.469773
U002496,484,1,2768.07,2024-07-19 16:45:31.480611
U002497,129,3,1131.51,2025-07-09 09:14:12.079383
U002498,316,2,2643.27,2025-01-03 21:09:12.236705
U002499,3,3,1972.94,2025-11-12 21:27:08.235067
U002500,450,1,1217.83,2024-08-22 06:22:20.143087
U002502,400,3,1752.22,2024-10-11 14:05:20.694185
U002504,171,1,165.21,2025-05-28 07:44:26.686492
U002508,13,1,4140.43,2025-11-02 21:54:50.093002
U002511,393,1,156.64,2024-10-18 08:44:08.793195
U002518,586,1,564.41,2024-04-08 07:03:17.169107
U002522,55,2,1102.51,2025-09-21 17:30:40.652816
U002523,506,1,457.29,2024-06-27 04:18:43.075853
U002524,226,1,258.59,2025-04-03 06:56:58.187410
U002526,162,2,636.03,2025-06-06 18:39:06.691852
U002527,173,2,340.44,2025-05-26 17:25:19.655029
U002528,76,1,1522.12,2025-08-31 22:26:07.857547
U002529,108,2,546.01,2025-07-30 08:08:33.421591
U002530,246,1,700.86,2025-03-14 18:50:05.193228
U002533,327,1,227.34,2024-12-23 23:44:18.849077
U002534,151,2,2150.2,2025-06-17 20:17:15.564744
U002537,306,1,2179.78,2025-01-13 17:07:54.311360
U002538,560,1,189.71,2024-05-04 10:31:05.526801
U002544,7,1,1477.44,2025-11-08 01:55:14.220542
U002546,266,1,269.94,2025-02-22 23:21:47.167339
U002553,183,1,707.89,2025-05-16 10:52:14.033756
U002554,203,1,749.2,2025-04-26 01:36:08.998920
U002556,317,1,417.49,2025-01-02 10:12:27.332312
U002558,44,1,1421.63,2025-10-02 05:28:51.376989
U002559,547,1,1066.51,2024-05-17 10:58:35.546926
U002566,487,1,280.76,2024-07-16 08:17:09.172556
U002567,490,1,210.62,2024-07-13 20:49:29.483766
U002570,326,1,1323.86,2024-12-24 20:51:51.576275
U002572,570,1,954.24,2024-04-24 23:45:16.380831
U002574,43,1,693.58,2025-10-03 20:04:22.271693
U002575,144,2,988.7,2025-06-24 10:05:15.231238
U002576,56,1,411.03,2025-09-20 05:38:57.854217
U002577,290,1,132.06,2025-01-29 20:14:02.620664
U002578,57,2,1262.58,2025-09-19 02:20:28.986091
U002585,481,1,122.03,2024-07-22 09:21:52.049064
U002586,395,2,1910.85,2024-10-16 05:25:54.345474
U002587,356,1,689.26,2024-11-24 02:51:27.099273
U002588,353,1,817.35,2024-11-27 07:29:10.733099
U002589,122,1,3232.29,2025-07-16 11:39:34.441494
U002594,342,1,808.3,2024-12-08 23:03:05.726436
U002598,284,2,481.85,2025-02-04 03:11:39.696601
U002602,165,2,2263.7,2025-06-03 06:02:26.412930
U002603,53,2,217.06,2025-09-23 09:44:40.435915
U002606,39,2,2135.15,2025-10-07 10:08:14.617322
U002608,140,1,654.76,2025-06-28 16:53:22.263473
U002609,137,1,285.2,2025-07-01 23:24:45.610196
U002611,236,1,991.52,2025-03-24 05:16:00.706734
U002612,18,2,1468.62,2025-10-28 12:59:30.166609
U002613,354,1,15.87,2024-11-26 21:54:58.338599
U002617,79,1,48.64,2025-08-28 13:50:21.498858
U002618,18,2,1039.03,2025-10-28 23:46:02.107565
U002619,355,1,33.86,2024-11-25 20:24:51.115543
U002620,678,1,1013.88,2024-01-07 09:13:31.057605
U002621,328,1,80.56,2024-12-22 01:36:38.819011
U002624,403,2,3541.77,2024-10-08 13:21:34.824419
U002625,479,2,871.35,2024-07-24 07:31:10.814671
U002628,291,3,1949.31,2025-01-28 05:13:54.218814
U002630,343,3,4114.19,2024-12-07 18:23:44.567767
U002632,473,2,1106.39,2024-07-30 04:35:25.316331
U002634,501,1,215.62,2024-07-02 21:31:52.085085
U002635,12,2,342.07,2025-11-03 23:18:22.552762
U002636,182,1,138.24,2025-05-17 21:50:00.726263
U002641,387,2,1206.06,2024-10-24 19:08:21.739676
U002644,516,3,1499.1,2024-06-17 15:57:13.773491
U002645,188,1,283.2,2025-05-11 15:47:38.234678
U002648,366,1,108.8,2024-11-14 07:56:49.520118
U002649,390,2,659.08,2024-10-21 04:32:50.349311
U002651,202,1,4978.39,2025-04-27 07:48:20.335629
U002656,656,1,250.07,2024-01-29 22:50:45.930434
U002657,610,1,1409.44,2024-03-15 07:28:45.912416
U002659,148,2,207.41,2025-06-20 09:14:55.413599
U002660,48,2,1839.72,2025-09-28 13:19:21.089093
U002661,149,2,359.81,2025-06-19 22:14:05.844724
U002662,516,1,3949.42,2024-06-17 22:58:24.248283
U002663,45,1,60.14,2025-10-01 12:21:51.267529
U002666,335,1,49.87,2024-12-15 00:26:33.726589
U002669,646,2,108.41,2024-02-08 11:11:25.321744
U002671,515,1,110.71,2024-06-18 11:24:08.475008
U002672,408,1,1750.67,2024-10-03 23:52:06.759266
U002673,439,1,97.46,2024-09-02 20:59:26.529680
U002674,445,1,1133.06,2024-08-27 08:04:44.306778
U002676,142,1,33.02,2025-06-26 03:33:23.679283
U002677,42,1,16.71,2025-10-04 22:05:19.554908
U002678,429,1,1097.86,2024-09-12 21:13:06.656426
U002679,626,1,102.56,2024-02-28 00:11:31.098312
U002681,604,1,920.01,2024-03-21 07:46:23.912419
U002683,239,1,498.28,2025-03-21 15:59:44.144791
U002684,190,2,220.01,2025-05-09 17:03:58.801762
U002685,100,2,476.43,2025-08-07 03:36:51.147346
U002686,447,1,1937.4,2024-08-25 11:36:29.998456
U002687,442,1,393.4,2024-08-30 03:03:25.878729
U002688,234,3,674.52,2025-03-26 17:33:55.397021
U002690,554,1,65.56,2024-05-10 08:16:43.571620
U002691,72,1,345.11,2025-09-04 03:09:48.487545
U002693,485,1,1979.79,2024-07-18 10:12:09.555517
U002695,428,2,1101.65,2024-09-13 19:49:56.838910
U002696,277,1,25.97,2025-02-11 16:28:16.926655
U002697,301,1,31.17,2025-01-18 16:32:11.608590
U002698,542,1,208.75,2024-05-22 16:18:56.138032
U002699,380,2,286.48,2024-10-31 14:49:37.082873
U002701,544,2,645.63,2024-05-20 20:32:20.483159
U002702,36,2,1068.91,2025-10-10 17:14:57.625498
U002703,224,1,330.32,2025-04-05 07:00:44.379604
U002704,7,1,999.12,2025-11-08 01:38:33.000699
U002705,302,1,1062.76,2025-01-17 01:04:33.871015
U002707,57,1,1392.55,2025-09-19 22:44:24.612125
U002708,385,2,2089.02,2024-10-26 05:33:35.764081
U002709,645,1,3.69,2024-02-09 09:49:44.071549
U002711,332,2,1070.02,2024-12-18 22:19:38.844821
U002713,634,1,254.83,2024-02-20 17:06:14.021855
U002715,650,1,307.44,2024-02-04 17:05:58.221187
U002716,227,1,572.62,2025-04-02 07:54:53.772287
U002717,572,1,493.87,2024-04-22 09:54:12.543527
U002718,334,1,814.3,2024-12-16 23:44:41.877509
U002721,305,2,2058.41,2025-01-14 03:52:36.941133
U002722,356,4,2300.65,2024-11-24 14:14:32.337647
U002723,538,1,1108.28,2024-05-26 14:48:57.100027
U002724,17,1,13.13,2025-10-29 13:13:38.743990
U002725,453,1,40.54,2024-08-19 08:22:17.532292
U002726,212,1,1128.54,2025-04-17 02:47:20.034110
U002730,356,1,64.84,2024-11-24 04:28:57.216193
U002731,363,2,1867.39,2024-11-17 18:31:39.177316
U002733,120,1,1225.23,2025-07-18 18:18:54.489997
U002734,75,2,263.0,2025-09-01 14:49:11.505892
U002735,453,1,491.31,2024-08-19 04:10:51.252236
U002736,79,1,845.79,2025-08-28 18:47:44.699851
U002737,88,1,23.28,2025-08-19 01:45:58.419367
U002740,128,2,1579.34,2025-07-10 14:59:51.248195
U002743,634,1,3375.17,2024-02-20 20:38:28.824229
U002745,321,1,355.04,2024-12-29 18:26:37.173113
U002747,516,1,469.98,2024-06-17 00:45:47.209675
U002748,209,2,1457.12,2025-04-20 00:02:24.488110
U002749,53,1,118.35,2025-09-23 09:58:34.680229
U002750,327,2,566.15,2024-12-23 01:55:45.332711
U002753,214,2,411.81,2025-04-15 19:56:40.640549
U002754,128,4,2791.57,2025-07-10 17:51:39.290867
U002755,399,1,95.02,2024-10-12 03:25:03.017323
U002756,609,1,246.9,2024-03-16 17:36:36.534608
U002757,130,3,2249.94,2025-07-08 00:09:36.745681
U002758,497,1,535.5,2024-07-06 20:59:25.090628
U002763,640,1,482.72,2024-02-14 02:50:45.629797
U002764,535,1,115.81,2024-05-29 13:51:49.300281
U002767,582,1,84.97,2024-04-12 23:42:51.955462
U002768,448,2,771.52,2024-08-24 14:29:41.334599
U002769,576,2,2054.02,2024-04-18 00:11:38.091362
U002773,81,4,3387.96,2025-08-26 11:03:50.484860
U002774,303,1,278.18,2025-01-16 17:52:21.908937
U002776,612,1,64.22,2024-03-13 14:33:26.262419
U002777,137,1,5.55,2025-07-01 15:08:05.151829
U002779,481,2,1954.5,2024-07-22 18:51:23.876499
U002780,438,1,2592.57,2024-09-03 17:04:56.598925
U002782,579,1,231.84,2024-04-15 21:06:43.614678
U002783,332,2,137.3,2024-12-18 19:05:29.452043
U002788,76,4,3979.33,2025-08-31 01:15:03.237782
U002789,295,2,162.68,2025-01-24 21:48:23.583445
U002790,296,1,958.29,2025-01-23 13:28:03.157416
U002791,342,2,216.79,2024-12-08 22:03:56.269250
U002792,422,1,23.28,2024-09-19 05:26:28.427876
U002796,480,1,79.47,2024-07-23 01:25:00.984874
U002797,667,1,675.6,2024-01-18 21:25:02.047575
U002799,658,1,507.36,2024-01-27 23:30:23.428944
U002803,294,1,488.32,2025-01-25 20:33:10.931360
U002806,380,1,133.04,2024-10-31 16:29:35.497031
U002808,286,2,1085.46,2025-02-02 15:43:59.153873
U002809,428,1,3.69,2024-09-13 18:43:08.503347
U002810,352,1,1609.31,2024-11-28 17:54:38.549318
U002811,9,1,1105.14,2025-11-06 05:34:41.042847
U002812,275,1,103.56,2025-02-13 22:28:53.325300
U002814,21,1,6360.11,2025-10-25 20:02:10.666273
U002815,72,1,143.13,2025-09-04 08:03:41.129093
U002817,489,1,806.72,2024-07-14 01:09:36.647938
U002818,290,2,1417.79,2025-01-29 16:51:19.542007
U002820,193,1,1198.84,2025-05-06 20:51:56.021326
U002821,497,1,47.96,2024-07-06 03:35:06.050650
U002822,74,1,1405.44,2025-09-02 14:31:54.262768
U002823,136,2,274.05,2025-07-02 05:12:11.093125
U002824,388,2,219.02,2024-10-23 03:55:38.700473
U002826,610,1,294.93,2024-03-15 01:15:22.467135
U002828,70,2,997.74,2025-09-06 03:50:52.580745
U002830,130,2,1069.04,2025-07-08 04:21:27.161712
U002832,147,1,346.41,2025-06-21 14:34:28.933948
U002834,367,2,845.55,2024-11-13 20:06:53.312356
U002836,213,2,3285.57,2025-04-16 05:56:52.726897
U002837,182,1,250.75,2025-05-17 20:01:48.277403
U002838,272,1,97.68,2025-02-16 02:03:25.466987
U002841,28,1,281.48,2025-10-18 13:52:05.492008
U002842,220,2,684.1,2025-04-09 04:56:00.916249
U002844,328,1,1280.15,2024-12-22 13:14:13.871671
U002845,202,2,265.51,2025-04-27 17:25:53.298429
U002847,142,2,1509.71,2025-06-26 15:16:13.160034
U002848,534,1,4339.96,2024-05-30 21:57:23.370032
U002849,468,2,474.08,2024-08-04 00:19:47.091745
U002851,373,1,5790.47,2024-11-07 16:45:28.632623
U002853,102,2,767.0,2025-08-05 23:33:41.694881
U002855,352,2,603.52,2024-11-28 22:18:10.915550
U002856,84,3,995.79,2025-08-23 20:52:27.857476
U002858,491,1,1550.51,2024-07-12 21:48:19.004734
U002859,455,1,319.76,2024-08-17 19:25:18.506115
U002862,339,1,73.64,2024-12-11 05:26:31.985511
U002863,227,2,1150.05,2025-04-02 00:27:10.059173
U002864,45,2,713.23,2025-10-01 07:40:55.684113
U002866,253,2,255.97,2025-03-07 16:44:12.752034
U002867,39,2,854.76,2025-10-07 06:40:29.822997
U002868,385,2,3759.26,2024-10-26 00:31:50.012454
U002869,250,1,329.39,2025-03-10 07:07:58.295031
U002870,43,3,1576.61,2025-10-03 21:52:12.340260
U002871,151,2,1797.47,2025-06-17 01:28:25.878092
U002877,408,1,480.19,2024-10-03 12:48:48.480854
U002878,152,3,1002.12,2025-06-16 14:21:17.435098
U002880,234,2,622.36,2025-03-26 06:27:30.533656
U002881,136,1,55.44,2025-07-02 04:35:55.960951
U002882,259,2,66.4,2025-03-01 17:26:23.262820
U002885,29,2,589.0,2025-10-17 16:34:04.739435
U002888,274,1,2190.79,2025-02-14 03:15:20.388845
U002889,134,1,1090.07,2025-07-04 04:09:28.873540
U002891,437,2,691.55,2024-09-04 05:00:05.363148
U002895,607,1,382.71,2024-03-18 07:09:14.652268
U002897,184,1,30.1,2025-05-15 18:21:08.575915
U002898,72,1,26.24,2025-09-04 14:50:55.120412
U002899,105,2,2037.48,2025-08-02 13:00:16.088554
U002900,429,1,301.84,2024-09-12 10:14:56.713429
U002903,273,2,781.57,2025-02-15 14:17:29.136905
U002908,442,1,967.78,2024-08-30 01:12:32.683517
U002910,159,3,545.95,2025-06-09 12:45:05.866054
U002911,545,1,158.99,2024-05-19 13:36:17.691514
U002912,180,1,70.1,2025-05-19 22:17:03.873633
U002913,209,2,91.85,2025-04-20 14:32:59.793898
U002915,141,3,3364.45,2025-06-27 23:22:45.309612
U002916,455,1,294.78,2024-08-17 10:07:52.516399
U002918,446,1,560.94,2024-08-26 02:34:35.544392
U002919,123,3,454.73,2025-07-15 03:27:49.590588
U002920,117,1,1062.28,2025-07-21 11:33:29.318472
U002921,260,1,185.03,2025-02-28 09:08:09.297045
U002922,511,1,2572.96,2024-06-22 19:49:45.288622
U002923,107,3,575.77,2025-07-31 12:38:56.573111
U002924,496,2,186.92,2024-07-07 01:16:21.842375
U002925,108,2,676.29,2025-07-30 11:48:05.543984
U002926,474,1,801.76,2024-07-29 04:38:18.640136
U002928,151,2,253.73,2025-06-17 10:52:10.790795
U002930,92,1,241.67,2025-08-15 05:19:45.844898
U002931,81,2,2498.85,2025-08-26 13:37:30.903300
U002932,581,2,449.17,2024-04-13 04:02:02.471458
U002934,421,2,2155.55,2024-09-20 06:02:28.568700
U002935,273,2,3498.07,2025-02-15 03:08:23.769235
U002936,469,1,40.54,2024-08-03 19:15:49.729212
U002937,249,1,454.35,2025-03-11 11:44:03.545787
U002938,148,1,607.55,2025-06-20 12:04:17.664335
U002940,547,1,612.66,2024-05-17 21:46:59.092621
U002941,346,2,659.39,2024-12-04 16:53:19.613299
U002942,647,1,198.0,2024-02-07 08:45:20.384012
U002946,226,1,281.03,2025-04-03 14:08:37.590222
U002947,522,2,149.7,2024-06-11 21:50:08.776118
U002948,653,1,32.7,2024-02-01 07:57:28.605520
U002949,356,2,180.16,2024-11-24 06:18:58.672448
U002950,388,1,685.74,2024-10-23 11:13:46.525833
U002952,304,1,565.47,2025-01-15 09:53:28.484797
U002953,11,2,1437.97,2025-11-04 19:42:33.576834
U002956,95,2,53.19,2025-08-12 09:19:53.070431
U002958,183,2,694.4,2025-05-16 11:26:46.615149
U002960,52,3,1574.62,2025-09-24 10:45:07.568554
U002961,133,2,1697.11,2025-07-05 09:00:02.209072
U002962,255,1,502.61,2025-03-05 05:39:27.516643
U002964,226,1,73.01,2025-04-03 19:04:36.787309
U002965,543,1,9.53,2024-05-21 16:09:54.519769
U002969,316,1,1057.51,2025-01-03 15:52:57.029486
U002972,41,3,2370.1,2025-10-05 13:19:52.965474
U002973,399,1,390.24,2024-10-12 20:14:47.576893
U002977,77,2,3686.09,2025-08-30 11:06:24.733183
U002979,620,1,1887.1,2024-03-05 22:14:26.688542
U002980,146,1,427.74,2025-06-22 01:32:34.162713
U002981,269,1,1027.26,2025-02-19 15:01:01.391096
U002982,99,2,254.74,2025-08-08 17:07:42.401789
U002986,498,1,403.87,2024-07-05 22:54:52.481866
U002987,83,1,130.23,2025-08-24 02:05:46.088179
U002988,590,1,907.52,2024-04-04 14:51:14.321239
U002991,111,1,370.69,2025-07-27 11:27:18.427813
U002992,613,1,175.12,2024-03-12 08:46:27.734236
U002995,89,3,1430.54,2025-08-18 22:33:48.098313
U002997,355,2,490.98,2024-11-25 11:43:50.472046
U003002,469,1,453.07,2024-08-03 05:56:30.223191
U003003,71,3,1585.56,2025-09-05 23:11:27.137600
U003005,587,2,916.08,2024-04-07 00:20:56.645952
U003006,209,2,185.17,2025-04-20 17:20:54.862118
U003007,395,1,358.5,2024-10-16 02:07:35.354003
U003008,110,1,9.1,2025-07-28 13:06:44.172658
U003009,74,3,206.15,2025-09-02 15:57:38.429904
U003012,501,1,188.55,2024-07-02 06:17:18.935221
U003013,179,1,1577.04,2025-05-20 17:11:37.233627
U003016,411,1,78.35,2024-09-30 07:57:32.947689
U003017,231,2,183.88,2025-03-29 04:49:26.590101
U003018,256,1,467.62,2025-03-04 04:58:44.338260
U003019,228,1,1265.3,2025-04-01 01:02:07.286608
U003020,348,1,1955.02,2024-12-02 15:49:39.945427
U003022,460,1,233.7,2024-08-12 13:07:40.978997
U003026,560,1,19.09,2024-05-04 00:23:33.427039
U003028,463,1,287.31,2024-08-09 01:02:26.232904
U003029,477,1,943.5,2024-07-26 20:18:01.509180
U003030,154,3,2287.29,2025-06-14 18:10:17.367603
U003032,229,2,299.21,2025-03-31 05:35:06.878300
U003041,226,1,21.46,2025-04-03 21:21:21.428205
U003042,423,1,265.29,2024-09-18 04:49:36.695893
U003044,505,2,3050.53,2024-06-28 08:46:30.530664
U003046,47,1,17.75,2025-09-29 15:31:32.289581
U003047,563,1,1003.01,2024-05-01 05:01:08.729157
U003050,394,1,45.1,2024-10-17 15:54:43.517912
U003051,56,2,1376.88,2025-09-20 17:50:53.356546
U003052,218,2,2062.99,2025-04-11 21:07:35.600456
U003053,589,1,881.01,2024-04-05 13:30:52.355505
U003055,225,2,909.14,2025-04-04 15:57:44.175756
U003056,681,1,191.81,2024-01-04 06:38:51.197582
U003057,665,1,463.7,2024-01-20 13:12:13.262624
U003060,87,2,480.66,2025-08-20 01:22:11.356291
U003062,131,1,118.08,2025-07-07 23:50:33.283980
U003064,428,2,2878.26,2024-09-13 16:49:04.507528
U003066,619,2,501.43,2024-03-06 11:41:27.400962
U003068,150,3,2247.14,2025-06-18 03:25:26.836694
U003071,97,1,137.93,2025-08-10 02:30:46.810878
U003072,344,3,1900.3,2024-12-06 23:51:40.716547
U003073,553,2,295.9,2024-05-11 22:40:15.516955
U003074,250,2,352.31,2025-03-10 20:00:38.069066
U003075,41,1,1188.58,2025-10-05 15:09:24.504717
U003077,561,1,2838.11,2024-05-03 21:19:47.660494
U003079,192,2,1493.87,2025-05-07 19:47:44.852659
U003080,529,1,469.67,2024-06-04 11:28:47.049949
U003081,27,1,19.14,2025-10-19 20:35:01.062543
U003082,177,1,392.65,2025-05-22 07:04:07.283527
U003086,375,2,818.74,2024-11-05 22:55:52.478163
U003088,461,1,1380.35,2024-08-11 05:18:22.336969
U003089,677,1,3035.13,2024-01-08 14:40:02.001067
U003091,554,1,188.18,2024-05-10 03:58:31.180743
U003092,72,2,2112.33,2025-09-04 00:20:45.892547
U003094,84,1,643.14,2025-08-23 21:24:23.173329
U003095,78,1,3.44,2025-08-29 12:08:00.987060
U003099,226,1,456.76,2025-04-03 12:52:08.606780
U003100,370,1,61.11,2024-11-10 18:53:03.438684
U003103,79,1,153.34,2025-08-28 00:31:33.397418
U003104,196,1,424.2,2025-05-03 22:46:44.996070
U003105,198,3,1270.37,2025-05-01 17:26:04.255141
U003106,655,1,467.75,2024-01-30 19:31:56.055678
U003107,348,1,135.85,2024-12-02 20:13:15.936819
U003112,53,2,989.89,2025-09-23 11:41:51.961102
U003116,386,1,3022.26,2024-10-25 03:06:04.310107
U003120,317,1,416.17,2025-01-02 18:54:00.183834
U003121,478,1,252.15,2024-07-25 00:24:10.108872
U003122,173,2,612.49,2025-05-26 06:55:33.784866
U003123,546,1,88.17,2024-05-18 17:08:20.815675
U003124,6,2,344.23,2025-11-09 05:17:34.116996
U003125,156,2,4341.8,2025-06-12 05:36:08.441282
U003127,221,2,2957.03,2025-04-08 05:21:00.652260
U003130,238,1,56.03,2025-03-22 07:21:31.762747
U003136,312,2,1326.92,2025-01-07 11:49:33.667514
U003137,655,2,805.71,2024-01-30 04:11:35.270650
U003140,89,1,115.63,2025-08-18 05:02:22.724450
U003142,109,1,445.27,2025-07-29 16:00:05.821792
U003144,340,1,1671.8,2024-12-10 02:40:41.818491
U003145,561,2,252.86,2024-05-03 23:31:30.200694
U003146,264,1,1504.31,2025-02-24 01:24:48.501640
U003148,400,1,100.3,2024-10-11 20:44:46.979239
U003149,21,1,281.39,2025-10-25 15:53:51.756016
U003156,68,1,91.4,2025-09-08 20:46:51.825211
U003157,593,1,97.24,2024-04-01 13:11:54.942380
U003159,33,2,689.73,2025-10-13 05:28:28.615787
U003160,507,1,18.65,2024-06-26 03:37:48.492551
U003161,114,3,2946.32,2025-07-24 06:24:16.086019
U003164,289,2,562.33,2025-01-30 10:21:36.890920
U003165,381,1,43.13,2024-10-30 00:15:17.366536
U003166,591,1,41.15,2024-04-03 11:10:19.643468
U003168,527,1,24.98,2024-06-06 16:45:39.146297
U003170,396,1,638.51,2024-10-15 22:45:22.972219
U003171,566,1,443.73,2024-04-28 04:13:27.964027
U003172,73,2,960.64,2025-09-03 14:26:09.608148
U003173,38,1,1514.24,2025-10-08 21:22:26.497090
U003174,684,1,283.17,2024-01-01 00:14:17.631198
U003175,289,1,963.27,2025-01-30 18:21:46.188152
U003177,72,1,165.03,2025-09-04 11:04:11.709132
U003179,667,1,73.71,2024-01-18 04:46:23.010142
U003181,431,2,297.96,2024-09-10 13:07:35.980624
U003182,285,1,161.64,2025-02-03 12:14:01.333893
U003183,250,1,1611.47,2025-03-10 17:01:30.788555
U003187,273,1,21.3,2025-02-15 20:46:42.235724
U003188,225,2,2031.78,2025-04-04 00:47:51.503960
U003189,623,1,2138.44,2024-03-02 02:23:43.492105
U003190,482,1,146.65,2024-07-21 15:49:17.854779
U003192,191,1,2141.19,2025-05-08 04:30:03.371528
U003194,202,2,1009.2,2025-04-27 16:35:31.081026
U003196,120,1,337.06,2025-07-18 00:51:34.306462
U003197,135,2,1252.39,2025-07-03 06:55:23.865266
U003204,196,2,1245.38,2025-05-03 03:02:24.961060
U003205,257,1,631.41,2025-03-03 10:29:23.372780
U003206,361,1,3753.9,2024-11-19 01:10:38.173516
U003207,61,1,479.8,2025-09-15 17:15:18.067424
U003208,480,1,185.17,2024-07-23 00:56:30.870001
U003209,178,4,4167.79,2025-05-21 10:21:44.146456
U003211,353,2,865.68,2024-11-27 23:00:33.461189
U003212,311,1,88.56,2025-01-08 10:19:27.488499
U003213,453,1,316.11,2024-08-19 13:06:29.073263
U003214,414,1,865.1,2024-09-27 11:29:19.509426
U003216,603,2,1539.08,2024-03-22 01:08:09.356435
U003219,7,2,884.2,2025-11-08 18:07:52.649115
U003220,146,2,513.68,2025-06-22 15:09:35.044147
U003221,49,2,518.03,2025-09-27 17:00:08.952937
U003223,338,2,1020.82,2024-12-12 20:52:12.913967
U003227,124,1,692.81,2025-07-14 12:56:03.587155
U003229,14,2,2731.7,2025-11-01 18:40:10.294915
U003230,135,3,2708.23,2025-07-03 04:11:48.654502
U003233,504,1,1448.85,2024-06-29 16:00:49.906127
U003234,63,3,1050.22,2025-09-13 17:13:39.431252
U003235,78,2,3568.33,2025-08-29 02:43:28.512875
U003237,511,3,350.16,2024-06-22 21:12:48.331003
U003239,231,3,2033.49,2025-03-29 01:19:25.817223
U003240,208,3,1668.41,2025-04-21 05:32:02.324193
U003242,300,2,420.34,2025-01-19 14:26:20.129859
U003243,206,2,1269.43,2025-04-23 00:45:38.569873
U003244,55,1,700.42,2025-09-21 01:45:58.362088
U003245,109,1,993.13,2025-07-29 16:21:37.007916
U003246,585,1,69.57,2024-04-09 08:22:15.652233
U003247,214,3,2344.24,2025-04-15 01:18:27.193404
U003249,426,1,103.54,2024-09-15 14:32:57.291024
U003252,247,1,3090.16,2025-03-13 18:30:21.286692
U003253,200,1,1916.31,2025-04-29 21:34:07.238711
U003254,247,2,582.86,2025-03-13 21:43:26.436050
U003255,78,2,1057.37,2025-08-29 12:14:53.640334
U003257,598,1,126.37,2024-03-27 15:31:14.828669
U003260,123,2,863.77,2025-07-15 22:26:28.120687
U003262,231,2,1394.95,2025-03-29 09:52:40.688729
U003263,32,1,18.76,2025-10-14 08:07:22.471607
U003264,66,2,290.62,2025-09-10 11:07:58.382008
U003266,303,2,494.12,2025-01-16 20:09:49.449359
U003268,423,1,37.22,2024-09-18 20:00:41.316371
U003269,147,1,1477.91,2025-06-21 01:28:54.323924
U003270,339,1,312.87,2024-12-11 11:33:09.697522
U003271,555,1,122.51,2024-05-09 18:23:45.255758
U003273,233,2,1279.37,2025-03-27 00:57:54.047930
U003274,310,1,36.34,2025-01-09 03:32:39.375223
U003275,543,2,3203.93,2024-05-21 08:23:55.410234
U003276,72,3,249.84,2025-09-04 17:53:32.059395
U003277,157,2,895.06,2025-06-11 10:36:20.841677
U003279,628,1,2357.22,2024-02-26 10:27:02.251848
U003282,390,1,360.8,2024-10-21 14:18:59.106565
U003284,90,2,621.31,2025-08-17 06:22:34.996346
U003286,278,1,15.87,2025-02-10 23:46:50.701965
U003287,154,1,415.95,2025-06-14 17:33:15.883847
U003288,313,2,368.99,2025-01-06 18:05:13.580440
U003289,210,2,1250.95,2025-04-19 05:12:32.280583
U003294,667,1,541.73,2024-01-18 00:26:52.930487
U003295,24,1,686.89,2025-10-22 01:32:07.308047
U003298,667,1,44.33,2024-01-18 14:42:36.847319
U003302,629,1,82.84,2024-02-25 05:33:41.857584
U003303,158,1,10.52,2025-06-10 19:30:12.991034
U003304,638,1,132.66,2024-02-16 21:11:18.239042
U003305,41,2,205.6,2025-10-05 03:57:14.572359
U003306,244,1,17.96,2025-03-16 21:10:12.694200
U003307,228,3,4113.03,2025-04-01 02:53:51.080255
U003310,2,1,67.52,2025-11-13 19:07:22.466955
U003311,275,2,454.49,2025-02-13 12:18:39.978006
U003314,121,3,2928.82,2025-07-17 09:01:50.219982
U003316,133,1,365.83,2025-07-05 16:20:57.228660
U003318,295,1,439.51,2025-01-24 05:34:33.959464
U003319,45,5,2615.04,2025-10-01 16:26:37.624996
U003320,229,2,333.18,2025-03-31 17:01:23.294186
U003321,73,3,1220.89,2025-09-03 18:05:58.334784
U003324,9,2,1286.93,2025-11-06 00:33:20.294694
U003326,219,3,83.6,2025-04-10 16:57:48.998313
U003329,568,1,25.41,2024-04-26 05:48:31.926879
U003330,340,1,47.07,2024-12-10 03:34:07.796464
U003331,548,1,1904.31,2024-05-16 08:04:49.292520
U003334,226,1,238.53,2025-04-03 14:11:02.304353
U003335,112,3,4703.25,2025-07-26 06:36:43.829721
U003337,654,1,64.11,2024-01-31 22:13:47.222898
U003339,229,3,2550.06,2025-03-31 00:14:08.609616
U003341,570,1,187.71,2024-04-24 06:48:53.898727
U003342,409,2,1818.17,2024-10-02 22:34:08.649801
U003344,200,2,58.96,2025-04-29 01:38:25.001333
U003345,148,1,803.47,2025-06-20 17:10:48.147887
U003347,204,2,2715.2,2025-04-25 04:50:33.328016
U003349,516,1,73.31,2024-06-17 05:45:15.131192
U003353,249,1,291.14,2025-03-11 18:25:16.217116
U003355,305,1,161.25,2025-01-14 08:53:33.938353
U003356,536,1,788.57,2024-05-28 01:04:51.652875
U003359,269,2,492.71,2025-02-19 18:49:13.874422
U003360,506,1,1427.86,2024-06-27 03:38:30.563057
U003361,3,3,2012.06,2025-11-12 20:36:21.064296
U003362,458,1,556.74,2024-08-14 11:10:25.670095
U003364,211,2,2977.31,2025-04-18 01:15:10.053579
U003365,262,3,2609.2,2025-02-26 01:33:29.667457
U003367,158,1,361.53,2025-06-10 21:02:13.641243
U003368,372,1,105.19,2024-11-08 04:31:00.280410
U003370,332,1,914.16,2024-12-18 00:17:40.091430
U003373,130,1,2578.01,2025-07-08 03:31:33.810712
U003376,128,1,985.62,2025-07-10 22:34:18.608181
U003378,37,1,1585.93,2025-10-09 15:10:52.267442
U003382,142,1,58.11,2025-06-26 18:33:55.933505
U003383,254,2,1994.58,2025-03-06 05:25:08.448721
U003384,92,2,1075.28,2025-08-15 11:39:08.780478
U003387,660,1,59.97,2024-01-25 14:06:40.992146
U003391,287,2,1469.25,2025-02-01 12:12:39.035043
U003392,79,1,435.38,2025-08-28 23:36:00.892165
U003394,380,1,515.64,2024-10-31 23:25:13.737018
U003395,418,1,1714.74,2024-09-23 19:33:45.896955
U003397,185,1,633.08,2025-05-14 01:20:25.032139
U003399,218,2,1730.26,2025-04-11 04:41:22.524938
U003400,199,2,901.6,2025-04-30 08:59:21.017674
U003402,65,1,412.36,2025-09-11 17:42:49.312864
U003407,282,1,728.92,2025-02-06 23:44:42.122470
U003408,452,1,24.52,2024-08-20 01:20:36.389234
U003409,287,2,2111.69,2025-02-01 02:52:50.482334
U003410,388,1,406.46,2024-10-23 09:12:54.057650
U003411,539,1,3106.22,2024-05-25 16:24:50.585579
U003412,352,1,168.25,2024-11-28 05:20:51.771457
U003413,77,1,1728.38,2025-08-30 16:47:31.233481
U003414,476,2,821.72,2024-07-27 20:21:10.582670
U003415,479,1,90.21,2024-07-24 00:24:41.895461
U003425,93,2,379.71,2025-08-14 01:59:17.878860
U003426,446,1,357.72,2024-08-26 14:20:19.731213
U003430,50,2,832.21,2025-09-26 10:35:57.515829
U003431,59,2,682.73,2025-09-17 21:17:26.131420
U003432,472,2,1508.68,2024-07-31 05:41:39.639075
U003433,381,1,528.1,2024-10-30 04:39:45.599556
U003435,268,2,4609.27,2025-02-20 09:34:15.886491
U003437,91,1,283.77,2025-08-16 08:08:35.675804
U003438,144,1,463.22,2025-06-24 18:37:35.472628
U003439,477,1,1150.57,2024-07-26 09:51:42.225086
U003441,570,1,773.31,2024-04-24 13:03:32.875344
U003443,521,1,566.53,2024-06-12 10:16:02.513647
U003445,263,1,383.78,2025-02-25 09:35:42.928588
U003449,16,2,2383.42,2025-10-30 12:44:26.013695
U003451,97,2,1854.89,2025-08-10 17:03:14.715204
U003453,451,2,494.8,2024-08-21 03:20:43.753854
U003454,256,1,154.03,2025-03-04 04:18:20.239969
U003455,16,3,1972.7,2025-10-30 18:57:46.514964
U003456,166,1,21.38,2025-06-02 13:10:29.616818
U003458,9,2,124.48,2025-11-06 20:38:49.247567
U003461,308,1,332.35,2025-01-11 03:31:27.691708
U003462,470,1,103.3,2024-08-02 12:52:45.392131
U003463,40,1,241.48,2025-10-06 05:37:36.802708
U003466,582,1,226.24,2024-04-12 02:27:38.205864
U003467,560,2,847.79,2024-05-04 10:05:11.396941
U003468,90,1,2602.56,2025-08-17 18:58:34.925391
U003470,287,1,130.56,2025-02-01 06:35:12.566810
U003471,379,2,127.07,2024-11-01 22:00:28.373614
U003472,609,1,1113.78,2024-03-16 18:58:47.120510
U003474,625,1,401.3,2024-02-29 18:07:25.715852
U003476,196,2,1171.31,2025-05-03 15:43:42.282870
U003477,205,2,700.39,2025-04-24 04:35:50.169446
U003481,318,2,1568.12,2025-01-01 18:16:03.816701
U003482,271,1,770.82,2025-02-17 23:47:19.024400
U003485,394,1,84.97,2024-10-17 10:34:24.634750
U003486,262,1,50.17,2025-02-26 11:44:03.699845
U003487,22,3,2810.6,2025-10-24 16:25:19.474892
U003488,301,1,266.16,2025-01-18 20:59:13.395952
U003490,220,1,138.66,2025-04-09 15:07:44.761978
U003492,451,1,97.42,2024-08-21 03:19:41.959117
U003493,674,1,190.54,2024-01-11 23:10:52.709104
U003495,467,1,184.85,2024-08-05 16:03:32.750726
U003497,70,2,243.44,2025-09-06 03:08:37.865816
U003498,269,2,512.16,2025-02-19 05:08:21.644690
U003499,584,1,892.5,2024-04-10 18:33:37.412511
U003503,356,1,387.3,2024-11-24 04:55:01.481157
U003505,271,2,1098.67,2025-02-17 00:51:35.008996
U003506,334,2,1643.1,2024-12-16 10:05:30.197728
U003507,244,1,98.3,2025-03-16 17:09:39.249293
U003508,105,1,28.77,2025-08-02 12:39:23.366577
U003509,493,1,10.62,2024-07-10 11:28:36.292021
U003511,110,1,898.59,2025-07-28 12:20:51.560503
U003514,457,1,1574.68,2024-08-15 14:38:55.694921
U003516,155,1,259.9,2025-06-13 23:25:28.988123
U003517,312,1,339.4,2025-01-07 16:52:10.283479
U003520,331,1,935.69,2024-12-19 22:46:44.070917
U003523,398,1,32.11,2024-10-13 22:13:01.517791
U003527,26,1,495.63,2025-10-20 07:36:23.559375
U003528,137,3,1660.21,2025-07-01 10:00:37.590528
U003529,277,2,652.55,2025-02-11 06:37:09.289095
U003530,195,3,473.26,2025-05-04 22:20:41.544556
U003531,33,1,162.81,2025-10-13 05:38:36.818889
U003532,478,1,64.95,2024-07-25 07:13:12.917494
U003533,183,1,2474.06,2025-05-16 07:45:11.717450
U003534,240,1,1394.14,2025-03-20 02:57:00.917002
U003536,353,1,2354.43,2024-11-27 09:08:30.017164
U003538,93,1,270.85,2025-08-14 16:51:25.997721
U003539,25,1,266.26,2025-10-21 13:19:43.421118
U003540,6,1,252.1,2025-11-09 18:31:43.482013
U003542,138,1,234.57,2025-06-30 08:05:09.840730
U003543,418,1,36.42,2024-09-23 03:38:28.576804
U003544,245,3,541.83,2025-03-15 17:30:55.984907
U003546,173,2,345.78,2025-05-26 20:08:19.848458
U003547,21,3,2687.65,2025-10-25 20:11:17.705984
U003548,176,1,627.45,2025-05-23 03:59:03.973804
U003549,338,1,194.53,2024-12-12 07:38:26.586982
U003550,525,1,13.34,2024-06-08 08:01:42.178122
U003551,319,1,105.35,2024-12-31 20:57:24.348384
U003552,108,2,1573.52,2025-07-30 20:05:54.671147
U003553,450,1,111.61,2024-08-22 11:50:18.108177
U003554,220,2,1224.24,2025-04-09 21:05:18.809805
U003555,70,1,1202.79,2025-09-06 06:35:42.476550
U003556,22,2,114.15,2025-10-24 04:29:11.732982
U003558,10,3,613.52,2025-11-05 13:45:39.169859
U003559,249,1,1010.24,2025-03-11 06:08:22.826272
U003562,336,1,3183.46,2024-12-14 11:47:16.276532
U003564,538,1,465.6,2024-05-26 21:25:33.666370
U003565,174,1,114.3,2025-05-25 10:33:45.835062
U003566,413,1,17.03,2024-09-28 07:41:20.870207
U003568,225,3,744.95,2025-04-04 14:38:01.211631
U003570,388,1,544.95,2024-10-23 08:36:41.674377
U003571,197,2,1228.86,2025-05-02 13:52:37.615252
U003572,472,2,216.95,2024-07-31 10:21:41.385069
U003574,242,1,1543.81,2025-03-18 04:32:37.009666
U003575,216,1,534.6,2025-04-13 15:44:01.251451
U003576,390,4,1115.49,2024-10-21 21:41:03.754227
U003577,368,2,1555.29,2024-11-12 16:37:14.513228
U003584,361,1,2048.14,2024-11-19 06:12:58.678653
U003586,334,1,2217.1,2024-12-16 18:23:46.693162
U003587,468,1,468.98,2024-08-04 06:26:06.891478
U003588,217,1,105.48,2025-04-12 18:16:44.719398
U003591,93,2,1318.22,2025-08-14 02:37:42.160183
U003593,440,1,56.58,2024-09-01 07:47:18.115750
U003599,442,1,184.12,2024-08-30 07:55:27.386072
U003602,66,3,1983.49,2025-09-10 07:09:07.483805
U003603,433,1,56.75,2024-09-08 00:21:36.094865
U003604,635,1,20.58,2024-02-19 02:07:29.283904
U003605,466,1,307.27,2024-08-06 02:59:05.149156
U003606,484,1,132.56,2024-07-19 08:26:07.726195
U003607,411,3,382.28,2024-09-30 01:37:45.747619
U003610,119,4,4908.65,2025-07-19 05:38:22.614233
U003616,39,1,94.95,2025-10-07 01:51:23.703748
U003617,593,1,605.83,2024-04-01 23:31:35.034683
U003618,218,1,350.38,2025-04-11 05:46:48.667382
U003622,595,1,40.24,2024-03-30 15:25:28.289886
U003623,321,1,70.46,2024-12-29 21:32:20.225590
U003625,253,1,823.98,2025-03-07 20:00:05.414828
U003626,629,1,42.91,2024-02-25 14:34:21.591014
U003632,663,1,600.34,2024-01-22 06:58:54.970950
U003633,551,2,605.29,2024-05-13 08:22:17.890919
U003636,6,2,503.87,2025-11-09 15:05:43.170122
U003637,148,3,6172.7,2025-06-20 12:23:22.993899
U003640,211,1,210.39,2025-04-18 22:53:41.894226
U003641,255,2,352.52,2025-03-05 02:57:56.888631
U003643,159,3,944.88,2025-06-09 02:59:06.497513
U003644,482,1,165.03,2024-07-21 07:24:55.542582
U003647,317,2,517.24,2025-01-02 14:30:48.164086
U003648,159,1,636.27,2025-06-09 08:24:58.978847
U003649,328,1,167.72,2024-12-22 03:55:23.166942
U003650,181,1,151.72,2025-05-18 01:08:19.888517
U003654,582,1,22.25,2024-04-12 16:58:24.037891
U003656,676,1,1483.46,2024-01-09 17:29:53.831145
U003658,430,1,77.06,2024-09-11 18:45:21.132193
U003659,335,1,1922.54,2024-12-15 13:38:05.073358
U003661,274,1,438.93,2025-02-14 17:36:53.955362
U003662,169,1,1065.42,2025-05-30 18:37:58.966305
U003663,74,1,882.08,2025-09-02 01:19:05.989255
U003664,320,2,676.44,2024-12-30 23:20:50.333931
U003665,515,1,32.43,2024-06-18 16:44:17.006351
U003668,219,1,2187.81,2025-04-10 08:01:56.169059
U003669,51,2,516.81,2025-09-25 15:39:16.527343
U003670,205,1,563.88,2025-04-24 04:57:38.423127
U003671,27,2,544.21,2025-10-19 21:08:35.525979
U003672,307,1,24.11,2025-01-12 12:57:49.784309
U003673,245,1,2495.36,2025-03-15 10:44:39.629394
U003675,454,1,342.49,2024-08-18 08:36:07.024720
U003676,208,1,56.18,2025-04-21 00:35:38.380522
U003677,147,1,1524.68,2025-06-21 20:02:23.992242
U003678,364,1,19.09,2024-11-16 06:30:29.169923
U003679,623,1,1304.52,2024-03-02 01:28:08.179511
U003681,24,3,827.24,2025-10-22 09:25:34.386256
U003682,126,2,222.92,2025-07-12 07:52:36.975590
U003684,8,1,376.36,2025-11-07 01:42:29.215850
U003686,129,2,103.04,2025-07-09 08:47:47.460572
U003687,362,1,799.92,2024-11-18 15:19:03.593299
U003688,275,1,15.22,2025-02-13 09:25:49.192952
U003689,157,1,140.54,2025-06-11 13:16:09.391042
U003691,417,1,460.66,2024-09-24 08:58:41.630370
U003692,506,1,1413.95,2024-06-27 20:39:20.284681
U003693,56,2,367.63,2025-09-20 14:58:33.848823
U003694,71,1,60.58,2025-09-05 11:26:37.070658
U003695,288,1,1670.08,2025-01-31 04:56:56.112685
U003697,608,1,2292.67,2024-03-17 10:34:54.115346
U003699,305,2,267.54,2025-01-14 07:03:46.587131
U003700,410,1,700.04,2024-10-01 20:19:00.900784
U003701,315,1,1395.91,2025-01-04 20:18:25.624746
U003702,596,1,648.76,2024-03-29 13:07:46.224267
U003703,105,2,1150.98,2025-08-02 00:01:06.774660
U003704,168,2,756.08,2025-05-31 07:18:31.708638
U003706,138,1,1811.62,2025-06-30 06:09:19.241682
U003708,408,3,763.4,2024-10-03 02:12:09.101861
U003710,256,2,3258.37,2025-03-04 18:41:58.037086
U003711,85,2,58.66,2025-08-22 06:16:38.744756
U003713,26,4,1908.46,2025-10-20 13:58:10.321681
U003718,252,1,575.24,2025-03-08 17:53:06.952770
U003719,134,1,1860.95,2025-07-04 10:09:40.753908
U003723,6,2,4104.6,2025-11-09 11:02:11.443203
U003724,90,3,663.58,2025-08-17 03:51:54.491483
U003726,61,2,952.62,2025-09-15 16:27:46.032224
U003729,503,1,976.21,2024-06-30 10:15:45.212084
U003731,13,2,1080.99,2025-11-02 07:47:44.619044
U003734,45,4,1699.32,2025-10-01 22:45:55.067085
U003735,272,3,628.94,2025-02-16 07:24:52.182675
U003737,508,2,1978.37,2024-06-25 09:38:00.061347
U003738,479,1,422.22,2024-07-24 23:56:47.788121
U003739,45,3,2857.28,2025-10-01 07:29:59.085438
U003742,609,1,56.8,2024-03-16 05:06:30.713486
U003744,443,2,1116.28,2024-08-29 07:28:27.080123
U003746,256,1,142.59,2025-03-04 09:16:36.718691
U003747,46,1,1581.11,2025-09-30 10:35:08.895938
U003749,607,1,1094.25,2024-03-18 20:35:02.853630
U003750,228,2,2710.61,2025-04-01 15:43:51.649686
U003751,625,1,359.43,2024-02-29 19:48:13.448524
U003752,391,1,15.79,2024-10-20 21:44:07.368892
U003753,7,1,91.84,2025-11-08 03:07:33.158775
U003755,77,2,3725.91,2025-08-30 10:57:41.700622
U003756,415,2,1580.08,2024-09-26 22:47:00.499175
U003760,325,1,379.96,2024-12-25 01:36:08.026544
U003761,295,1,111.42,2025-01-24 05:52:25.672806
U003763,154,1,415.22,2025-06-14 01:04:16.618328
U003764,639,1,927.72,2024-02-15 15:16:44.623407
U003765,228,1,124.08,2025-04-01 06:25:24.701730
U003767,619,1,47.88,2024-03-06 01:07:41.760262
U003768,89,2,1527.91,2025-08-18 02:25:33.192514
U003770,297,1,103.35,2025-01-22 08:27:22.705936
U003771,682,1,85.29,2024-01-03 11:15:23.499993
U003773,24,2,301.69,2025-10-22 19:01:53.785314
U003775,639,1,339.91,2024-02-15 08:01:17.944361
U003776,376,1,1137.33,2024-11-04 23:07:31.638467
U003777,368,1,100.62,2024-11-12 04:05:06.140977
U003778,567,1,3596.17,2024-04-27 04:03:40.058005
U003780,127,2,2892.69,2025-07-11 10:54:56.599918
U003781,2,3,1014.15,2025-11-13 17:01:18.683422
U003782,62,2,2037.81,2025-09-14 22:08:36.413626
U003784,97,3,2777.16,2025-08-10 01:31:47.088946
U003786,278,1,95.15,2025-02-10 06:28:10.766273
U003788,344,1,1181.94,2024-12-06 10:44:18.388094
U003790,126,2,1261.76,2025-07-12 09:00:43.611934
U003791,552,1,604.12,2024-05-12 14:30:39.268034
U003792,27,3,921.86,2025-10-19 14:25:55.992730
U003793,443,1,319.11,2024-08-29 09:26:05.439637
U003794,30,1,4995.83,2025-10-16 06:33:38.458007
U003795,559,2,666.86,2024-05-05 06:01:04.457596
U003796,202,3,1664.45,2025-04-27 00:58:52.469379
U003801,63,2,436.85,2025-09-13 15:08:32.084993
U003804,592,1,134.24,2024-04-02 06:18:31.059822
U003808,127,1,1964.28,2025-07-11 04:44:59.856814
U003809,111,2,584.53,2025-07-27 23:08:16.181600
U003810,62,2,786.35,2025-09-14 11:22:06.340842
U003811,406,2,397.46,2024-10-05 18:04:08.912235
U003812,599,1,1102.97,2024-03-26 20:45:03.988998
U003813,627,2,224.24,2024-02-27 00:53:49.879030
U003814,363,1,3954.5,2024-11-17 23:27:25.638961
U003815,573,1,111.12,2024-04-21 06:11:09.978221
U003819,641,2,957.35,2024-02-13 21:33:44.274834
U003820,200,3,1045.89,2025-04-29 09:18:28.140792
U003821,292,2,4516.77,2025-01-27 09:15:27.432629
U003824,401,1,232.32,2024-10-10 06:14:01.867702
U003825,523,1,15.62,2024-06-10 13:52:40.370130
U003827,352,2,2327.58,2024-11-28 18:37:55.388532
U003828,218,2,435.6,2025-04-11 14:29:48.006738
U003829,538,1,999.2,2024-05-26 23:03:33.783888
U003830,139,3,2831.7,2025-06-29 06:02:18.243642
U003831,303,1,101.71,2025-01-16 06:28:02.337974
U003832,133,1,353.91,2025-07-05 19:50:23.818272
U003833,151,1,193.12,2025-06-17 08:25:21.340230
U003835,101,1,363.88,2025-08-06 21:59:48.520530
U003838,80,2,2275.53,2025-08-27 17:19:33.775406
U003839,46,3,1849.04,2025-09-30 16:13:06.487838
U003840,357,1,70.2,2024-11-23 01:26:34.813561
U003841,335,1,3130.18,2024-12-15 14:46:43.668426
U003842,151,2,235.72,2025-06-17 00:50:14.900572
U003844,148,1,337.6,2025-06-20 05:50:18.187775
U003846,376,1,177.64,2024-11-04 02:51:03.364802
U003847,85,1,69.42,2025-08-22 16:33:15.221164
U003850,87,1,14.44,2025-08-20 20:20:13.603442
U003852,29,3,394.79,2025-10-17 11:12:58.328480
U003853,656,1,630.84,2024-01-29 02:35:28.511078
U003855,163,1,323.01,2025-06-05 02:36:47.074969
U003857,227,1,556.56,2025-04-02 11:15:44.316490
U003858,184,1,1279.55,2025-05-15 10:19:19.759541
U003862,542,1,1042.0,2024-05-22 12:28:39.561345
U003863,447,1,543.31,2024-08-25 12:49:33.091233
U003864,52,1,77.46,2025-09-24 22:34:33.560339
U003867,436,1,153.71,2024-09-05 21:50:18.643675
U003869,361,1,192.42,2024-11-19 17:16:50.694806
U003870,89,2,477.33,2025-08-18 08:48:03.978171
U003871,377,1,340.12,2024-11-03 06:26:49.873489
U003873,451,2,1061.99,2024-08-21 22:22:26.208149
U003874,403,1,250.79,2024-10-08 18:27:37.383264
U003876,67,1,999.72,2025-09-09 10:56:55.398577
U003877,20,4,1307.69,2025-10-26 09:38:11.280980
U003878,345,1,66.33,2024-12-05 06:13:08.495574
U003879,420,2,238.08,2024-09-21 15:02:30.160480
U003881,268,1,605.54,2025-02-20 14:32:46.523795
U003883,274,1,51.65,2025-02-14 17:29:41.050569
U003884,10,1,628.05,2025-11-05 07:45:37.825713
U003885,216,3,1784.83,2025-04-13 09:45:19.993595
U003886,632,1,1486.62,2024-02-22 11:15:22.977067
U003887,144,3,2143.6,2025-06-24 02:17:30.042868
U003889,211,1,165.72,2025-04-18 20:56:03.242261
U003890,370,2,48.09,2024-11-10 19:11:22.630750
U003893,265,1,535.01,2025-02-23 07:45:06.285007
U003898,417,1,168.25,2024-09-24 00:24:28.203692
U003899,588,1,1551.04,2024-04-06 23:00:57.868070
U003900,311,1,77.46,2025-01-08 05:48:49.383681
U003902,477,1,101.57,2024-07-26 08:07:31.538712
U003903,623,1,179.7,2024-03-02 18:58:38.398059
U003904,411,2,1021.75,2024-09-30 09:47:35.197372
U003905,206,3,5186.11,2025-04-23 16:37:50.244158
U003906,557,1,372.17,2024-05-07 22:45:49.372026
U003909,15,2,1247.89,2025-10-31 23:10:50.651239
U003910,184,2,1287.08,2025-05-15 07:32:16.156527
U003911,307,3,1349.44,2025-01-12 22:50:41.744304
U003914,390,1,253.12,2024-10-21 22:15:05.495620
U003915,83,1,922.55,2025-08-24 14:44:44.420736
U003916,426,2,1601.39,2024-09-15 20:11:11.294542
U003917,570,1,61.86,2024-04-24 07:20:30.204144
U003919,443,1,1443.31,2024-08-29 15:52:30.989789
U003920,670,1,127.92,2024-01-15 02:50:34.149483
U003921,538,1,1295.59,2024-05-26 00:07:28.126398
U003922,550,1,855.42,2024-05-14 18:40:58.826060
U003923,352,1,351.45,2024-11-28 18:12:13.999233
U003924,395,2,269.28,2024-10-16 02:53:00.421754
U003929,520,2,3825.79,2024-06-13 10:46:37.144243
U003931,280,1,40.7,2025-02-08 22:44:28.137951
U003933,559,1,842.39,2024-05-05 22:20:04.107708
U003934,471,1,337.38,2024-08-01 03:49:19.932440
U003939,323,1,63.33,2024-12-27 02:08:05.227052
U003940,111,2,1381.02,2025-07-27 20:41:38.923086
U003941,474,1,463.47,2024-07-29 04:14:52.957874
U003943,127,3,2713.24,2025-07-11 03:51:21.243624
U003946,114,1,833.09,2025-07-24 17:40:46.415756
U003947,531,1,612.23,2024-06-02 03:37:42.376357
U003948,237,1,710.28,2025-03-23 21:13:32.242110
U003949,537,1,22.53,2024-05-27 16:14:06.042969
U003950,77,1,1466.77,2025-08-30 23:29:10.924705
U003951,57,1,379.87,2025-09-19 16:21:28.961833
U003957,548,1,305.31,2024-05-16 05:28:14.794938
U003959,150,1,337.8,2025-06-18 18:54:57.555702
U003960,83,1,324.27,2025-08-24 18:53:13.553588
U003961,314,1,600.14,2025-01-05 00:29:45.675696
U003965,513,1,417.38,2024-06-20 16:34:22.425607
U003967,596,1,612.71,2024-03-29 10:44:06.757667
U003968,228,1,230.48,2025-04-01 17:49:10.975000
U003971,204,2,2592.24,2025-04-25 21:50:57.055239
U003972,286,4,2683.88,2025-02-02 07:55:38.106033
U003973,93,3,1037.77,2025-08-14 19:15:32.796157
U003975,211,1,220.16,2025-04-18 18:50:48.684358
U003978,403,1,985.1,2024-10-08 06:00:47.039150
U003982,401,1,1257.52,2024-10-10 21:23:10.003145
U003983,471,1,38.32,2024-08-01 19:34:12.537724
U003987,475,2,1076.93,2024-07-28 02:39:05.808592
U003988,370,1,766.86,2024-11-10 09:02:23.766519
U003991,95,2,613.9,2025-08-12 15:56:53.406636
U003992,236,1,51.52,2025-03-24 18:24:21.209246
U003993,88,3,721.63,2025-08-19 12:03:22.376935
U003995,428,2,1321.64,2024-09-13 16:02:13.621345
U003996,206,1,2682.45,2025-04-23 13:51:37.498991
U003998,164,3,667.16,2025-06-04 17:18:49.918952
U003999,15,2,789.49,2025-10-31 16:58:32.361422
U004001,527,1,2302.78,2024-06-06 05:55:41.098108
U004002,419,1,3980.02,2024-09-22 23:14:46.048039
U004008,94,2,582.15,2025-08-13 13:15:51.964282
U004009,382,1,194.01,2024-10-29 17:38:01.038662
U004012,404,1,112.22,2024-10-07 23:24:48.808064
U004014,406,1,49.48,2024-10-05 04:39:36.271368
U004015,11,1,688.02,2025-11-04 11:40:57.290245
U004017,131,3,2253.61,2025-07-07 16:33:09.551626
U004020,339,2,1237.27,2024-12-11 19:57:05.034520
U004023,126,4,2592.5,2025-07-12 16:28:13.585112
U004025,531,1,2902.76,2024-06-02 02:11:21.053118
U004026,176,1,265.54,2025-05-23 05:06:04.042311
U004027,39,1,72.49,2025-10-07 09:10:56.381704
U004029,504,1,151.18,2024-06-29 21:39:29.653487
U004030,188,1,2100.38,2025-05-11 03:55:07.021479
U004031,134,3,2716.47,2025-07-04 15:26:21.675314
U004033,119,1,165.03,2025-07-19 11:58:17.829225
U004034,126,2,1660.86,2025-07-12 20:36:12.982820
U004035,200,1,669.92,2025-04-29 10:01:13.905860
U004037,313,1,890.67,2025-01-06 21:03:49.733274
U004039,50,1,1599.25,2025-09-26 04:46:45.172961
U004041,344,1,1811.84,2024-12-06 05:46:10.840608
U004042,303,2,160.49,2025-01-16 18:09:19.575973
U004043,534,1,472.77,2024-05-30 00:46:11.633874
U004044,494,1,1701.19,2024-07-09 02:59:41.656317
U004045,620,1,163.17,2024-03-05 19:55:38.670725
U004047,234,2,1926.77,2025-03-26 06:23:50.213783
U004049,157,2,1480.92,2025-06-11 01:47:33.995884
U004050,546,1,1716.3,2024-05-18 10:11:37.835076
U004051,126,1,132.77,2025-07-12 22:05:12.028721
U004053,277,2,1702.66,2025-02-11 23:38:58.387222
U004056,3,1,9.25,2025-11-12 13:49:18.503919
U004059,96,2,334.58,2025-08-11 22:48:42.271580
U004061,606,1,163.04,2024-03-19 06:14:08.176247
U004062,170,2,332.97,2025-05-29 17:58:50.867640
U004063,297,1,26.06,2025-01-22 05:55:47.400176
U004064,232,1,87.06,2025-03-28 23:08:15.580968
U004066,385,2,1167.17,2024-10-26 22:51:22.134436
U004067,571,1,15.79,2024-04-23 05:56:59.702653
U004069,152,1,402.37,2025-06-16 20:08:25.610074
U004071,416,1,144.93,2024-09-25 22:34:13.176220
U004072,549,1,1016.69,2024-05-15 06:55:35.033529
U004078,434,1,139.86,2024-09-07 03:30:11.994690
U004082,465,2,327.96,2024-08-07 17:58:26.309229
U004083,140,1,380.3,2025-06-28 08:18:49.481717
U004084,273,1,943.26,2025-02-15 09:22:44.087935
U004086,484,1,1385.17,2024-07-19 14:24:01.469305
U004087,382,1,53.8,2024-10-29 13:37:58.355958
U004091,90,1,1308.97,2025-08-17 04:12:18.322580
U004093,484,1,104.38,2024-07-19 18:12:57.476007
U004094,393,1,95.77,2024-10-18 16:08:02.400960
U004098,157,3,797.53,2025-06-11 01:36:10.962889
U004099,545,1,152.1,2024-05-19 07:54:42.318475
U004104,490,1,70.49,2024-07-13 16:04:40.168369
U004105,592,2,102.16,2024-04-02 09:43:27.383332
U004108,247,1,1143.19,2025-03-13 23:48:48.300148
U004111,412,3,766.57,2024-09-29 18:25:10.577816
U004112,359,1,1153.85,2024-11-21 08:24:59.264752
U004115,613,1,21.56,2024-03-12 05:54:42.109429
U004117,92,1,1629.48,2025-08-15 21:21:58.496330
U004118,383,1,204.47,2024-10-28 22:57:50.622610
U004119,18,2,951.26,2025-10-28 09:12:03.765879
U004121,141,1,115.71,2025-06-27 14:59:08.952832
U004125,22,1,52.83,2025-10-24 12:21:10.099081
U004128,382,1,1217.05,2024-10-29 11:00:48.695078
U004129,168,1,3867.93,2025-05-31 22:02:23.036195
U004130,636,1,356.0,2024-02-18 00:09:53.600941
U004131,533,1,878.2,2024-05-31 16:00:10.469109
U004137,206,2,2106.39,2025-04-23 02:59:51.618971
U004138,89,1,1113.29,2025-08-18 13:33:22.595581
U004139,190,2,540.09,2025-05-09 11:26:38.958322
U004141,523,1,191.91,2024-06-10 06:06:33.923629
U004144,98,3,1830.19,2025-08-09 07:38:53.085861
U004147,336,2,208.36,2024-12-14 15:12:44.812950
U004148,675,1,93.09,2024-01-10 15:22:37.641739
U004150,52,1,1187.64,2025-09-24 06:00:01.588509
U004151,153,3,1577.06,2025-06-15 08:04:03.913294
U004152,171,1,71.41,2025-05-28 03:59:28.543615
U004153,38,1,919.57,2025-10-08 08:11:02.469940
U004154,668,1,2314.93,2024-01-17 17:53:00.636006
U004155,477,1,670.92,2024-07-26 05:56:46.259383
U004156,262,1,293.38,2025-02-26 14:38:24.881467
U004157,543,2,530.02,2024-05-21 16:01:26.950405
U004158,272,2,1545.5,2025-02-16 04:38:33.371932
U004159,172,1,169.62,2025-05-27 03:52:43.108984
U004160,9,1,140.4,2025-11-06 03:36:24.747276
U004161,495,2,5768.76,2024-07-08 10:36:47.761903
U004162,630,2,1577.96,2024-02-24 08:47:13.646773
U004163,1,2,1288.88,2025-11-14 18:51:44.227584
U004164,553,2,807.44,2024-05-11 10:03:17.623709
U004166,349,1,1481.9,2024-12-01 17:04:39.799105
U004169,578,1,44.53,2024-04-16 16:18:22.779065
U004172,477,1,41.15,2024-07-26 14:46:00.054838
U004175,360,1,152.1,2024-11-20 03:24:07.857530
U004176,339,1,212.46,2024-12-11 14:43:27.757267
U004177,232,2,1707.3,2025-03-28 23:45:08.274623
U004179,162,2,198.94,2025-06-06 19:45:19.540231
U004180,121,2,604.32,2025-07-17 06:54:39.718999
U004184,594,1,412.66,2024-03-31 22:13:51.254007
U004186,254,1,165.03,2025-03-06 05:56:18.019436
U004187,173,1,39.34,2025-05-26 23:30:22.134318
U004193,134,2,185.22,2025-07-04 11:52:17.633438
U004194,204,1,545.51,2025-04-25 12:28:47.863108
U004195,183,2,1769.95,2025-05-16 16:16:42.199719
U004196,408,1,228.8,2024-10-03 18:49:25.054593
U004198,152,1,33.76,2025-06-16 00:34:58.022873
U004199,15,1,398.19,2025-10-31 01:06:20.373395
U004201,674,1,2143.25,2024-01-11 06:48:28.880594
U004203,63,2,988.79,2025-09-13 12:39:23.828397
U004204,191,1,171.16,2025-05-08 05:56:26.889826
U004206,9,2,1873.56,2025-11-06 03:21:14.146097
U004208,440,1,167.95,2024-09-01 16:52:19.663831
U004210,160,2,189.82,2025-06-08 04:44:10.514314
U004211,372,3,1565.6,2024-11-08 12:58:42.529078
U004213,459,1,362.06,2024-08-13 01:07:26.552695
U004215,212,1,64.16,2025-04-17 04:06:21.481111
U004216,614,1,730.48,2024-03-11 08:17:22.504923
U004219,68,2,354.14,2025-09-08 08:33:24.976785
U004221,533,1,337.39,2024-05-31 06:50:20.814542
U004222,680,1,685.46,2024-01-05 07:44:26.352025
U004224,390,1,591.55,2024-10-21 07:17:38.864220
U004227,29,3,1065.32,2025-10-17 02:00:22.905875
U004228,159,2,1769.37,2025-06-09 11:25:02.905810
U004231,87,2,425.8,2025-08-20 23:19:07.781334
U004232,251,2,1787.92,2025-03-09 08:26:26.226666
U004234,565,1,176.02,2024-04-29 14:28:20.918481
U004235,322,1,252.09,2024-12-28 22:46:16.604030
U004236,335,1,232.06,2024-12-15 00:14:58.649384
U004238,128,1,60.54,2025-07-10 16:55:12.431179
U004242,331,1,1404.66,2024-12-19 19:52:28.075352
U004243,208,2,1175.75,2025-04-21 00:18:27.699908
U004244,513,1,60.29,2024-06-20 15:11:48.158041
U004245,671,1,307.27,2024-01-14 17:39:28.912021
U004246,507,1,95.13,2024-06-26 14:28:36.401012
U004247,116,3,1239.87,2025-07-22 03:52:29.182608
U004248,494,1,927.6,2024-07-09 23:03:43.834574
U004252,569,1,25.58,2024-04-25 05:13:32.127810
U004253,463,1,980.2,2024-08-09 11:32:29.646011
U004254,663,1,720.58,2024-01-22 06:09:30.255407
U004255,13,2,764.37,2025-11-02 20:38:16.030010
U004256,151,1,1055.69,2025-06-17 06:10:46.101221
U004258,359,1,70.33,2024-11-21 01:52:37.694812
U004261,449,1,189.48,2024-08-23 23:42:28.179981
U004262,658,1,53.19,2024-01-27 21:33:54.193459
U004263,110,2,1189.15,2025-07-28 13:57:24.745800
U004264,429,1,239.13,2024-09-12 14:06:27.019547
U004265,132,1,106.67,2025-07-06 20:40:37.534429
U004266,183,2,2648.6,2025-05-16 15:40:18.981492
U004267,149,1,46.0,2025-06-19 11:20:26.009605
U004269,334,3,1185.6,2024-12-16 22:11:02.762168
U004270,94,1,138.24,2025-08-13 14:23:45.630090
U004272,101,1,2207.65,2025-08-06 11:01:31.078419
U004273,450,2,431.8,2024-08-22 19:19:17.926178
U004275,474,3,662.3,2024-07-29 12:37:54.586140
U004280,508,1,726.33,2024-06-25 05:39:20.622552
U004282,309,2,852.64,2025-01-10 08:50:08.316615
U004284,17,2,721.12,2025-10-29 19:20:05.028847
U004285,191,1,412.07,2025-05-08 18:43:22.781166
U004287,60,1,718.4,2025-09-16 00:39:42.990479
U004288,139,1,131.16,2025-06-29 12:57:47.151016
U004289,200,3,354.02,2025-04-29 05:54:54.748226
U004290,556,1,396.95,2024-05-08 18:10:51.669672
U004291,390,2,865.5,2024-10-21 01:29:43.793119
U004292,319,2,2011.69,2024-12-31 10:48:31.750004
U004293,546,1,89.14,2024-05-18 17:11:20.747873
U004294,345,1,697.07,2024-12-05 23:30:41.468305
U004295,197,1,54.01,2025-05-02 03:18:17.056076
U004296,137,1,52.33,2025-07-01 06:52:19.784639
U004297,280,2,975.84,2025-02-08 06:12:40.638721
U004298,65,4,889.86,2025-09-11 15:33:51.214982
U004304,262,1,377.93,2025-02-26 17:24:39.910196
U004306,127,4,1825.55,2025-07-11 10:15:30.649919
U004307,70,1,335.1,2025-09-06 07:47:14.490265
U004308,463,2,593.05,2024-08-09 22:25:31.342695
U004309,402,1,871.03,2024-10-09 14:22:23.534401
U004310,651,1,179.52,2024-02-03 11:03:09.448169
U004313,524,1,981.33,2024-06-09 15:55:15.126920
U004314,9,4,2269.66,2025-11-06 19:17:14.735588
U004315,498,1,270.15,2024-07-05 09:27:16.772833
U004321,254,3,1596.46,2025-03-06 23:47:56.077538
U004324,248,3,2408.57,2025-03-12 06:20:39.905657
U004326,11,1,268.36,2025-11-04 17:25:34.407224
U004327,619,1,362.34,2024-03-06 00:54:32.923161
U004328,419,1,448.54,2024-09-22 06:56:55.823271
U004332,2,2,1745.89,2025-11-13 17:25:40.386086
U004334,93,1,55.11,2025-08-14 01:19:25.209684
U004335,173,5,2824.8,2025-05-26 18:25:51.329253
U004337,327,2,1821.39,2024-12-23 10:25:16.459212
U004338,144,2,1205.16,2025-06-24 14:53:29.847785
U004345,183,2,3659.7,2025-05-16 12:03:27.653365
U004349,435,1,710.93,2024-09-06 07:43:43.643368
U004350,293,1,1218.91,2025-01-26 06:47:39.391123
U004351,521,1,475.65,2024-06-12 23:51:24.542290
U004354,495,1,413.42,2024-07-08 22:12:51.736603
U004357,74,1,938.73,2025-09-02 17:06:40.322503
U004358,73,1,322.88,2025-09-03 09:18:22.401016
U004359,94,1,46.59,2025-08-13 20:02:57.134508
U004360,601,1,1424.38,2024-03-24 04:40:45.135847
U004361,669,1,57.36,2024-01-16 23:04:33.155182
U004365,94,1,260.64,2025-08-13 13:15:29.226379
U004367,570,1,566.9,2024-04-24 09:03:32.267951
U004368,19,1,710.01,2025-10-27 17:29:56.927145
U004370,525,1,549.32,2024-06-08 07:18:20.215258
U004371,248,2,1165.53,2025-03-12 16:11:59.018425
U004375,56,4,2663.76,2025-09-20 08:20:16.464980
U004376,187,2,949.43,2025-05-12 01:15:10.120854
U004377,662,1,311.11,2024-01-23 22:31:15.847894
U004378,341,1,2924.22,2024-12-09 09:18:02.554984
U004379,218,1,247.81,2025-04-11 20:31:42.563773
U004380,181,1,738.91,2025-05-18 12:58:14.248925
U004381,595,1,1415.15,2024-03-30 13:39:37.394689
U004383,123,3,1327.94,2025-07-15 15:22:44.027405
U004387,115,1,902.48,2025-07-23 02:49:08.883969
U004388,636,1,75.12,2024-02-18 06:42:19.313254
U004390,451,2,1075.88,2024-08-21 12:41:08.890386
U004391,605,1,1283.59,2024-03-20 07:25:47.000350
U004393,4,1,100.02,2025-11-11 16:55:19.705899
U004394,196,1,174.96,2025-05-03 12:27:17.852347
U004395,128,1,249.39,2025-07-10 21:16:10.455068
U004397,261,3,1558.29,2025-02-27 22:37:26.535750
U004399,458,1,99.54,2024-08-14 21:45:08.509198
U004400,146,1,32.07,2025-06-22 05:51:53.831407
U004405,46,1,254.29,2025-09-30 11:46:37.513659
U004407,196,2,1877.86,2025-05-03 19:39:25.160461
U004411,640,1,680.45,2024-02-14 18:05:26.868792
U004412,468,1,140.8,2024-08-04 00:59:40.673277
U004413,238,2,1176.82,2025-03-22 04:12:13.941361
U004415,546,1,1154.01,2024-05-18 18:46:32.788182
U004416,77,2,1082.19,2025-08-30 10:53:36.452544
U004417,143,1,434.12,2025-06-25 10:41:53.109637
U004419,138,2,2051.98,2025-06-30 05:15:33.265938
U004420,532,1,254.22,2024-06-01 01:19:21.019933
U004423,415,2,849.2,2024-09-26 21:05:53.079013
U004424,478,2,781.98,2024-07-25 19:05:00.863748
U004426,456,1,376.37,2024-08-16 15:23:29.406448
U004428,359,2,5027.03,2024-11-21 06:47:14.712998
U004431,491,2,450.62,2024-07-12 23:10:13.498999
U004432,220,1,423.02,2025-04-09 19:35:30.980269
U004439,76,2,155.39,2025-08-31 16:02:38.211823
U004441,459,2,262.87,2024-08-13 17:28:42.525236
U004442,664,1,429.93,2024-01-21 17:41:44.341756
U004443,19,2,815.03,2025-10-27 18:36:36.958030
U004444,467,2,184.91,2024-08-05 02:45:34.745521
U004445,3,3,579.79,2025-11-12 13:14:58.036628
U004446,265,1,26.06,2025-02-23 04:18:55.255310
U004447,358,1,126.16,2024-11-22 21:16:43.486892
U004451,666,1,2852.3,2024-01-19 23:31:57.747215
U004452,521,1,258.9,2024-06-12 13:33:38.175805
U004453,64,2,1344.14,2025-09-12 23:40:52.494121
U004457,514,1,1511.11,2024-06-19 14:58:05.200467
U004458,663,1,105.24,2024-01-22 08:58:23.717102
U004460,488,2,535.57,2024-07-15 02:22:17.019241
U004463,66,2,490.08,2025-09-10 11:59:34.949955
U004464,2,2,2705.6,2025-11-13 14:17:43.699794
U004465,289,1,195.56,2025-01-30 00:56:09.093514
U004470,93,1,1016.61,2025-08-14 09:59:55.223975
U004471,96,3,1983.31,2025-08-11 07:08:59.218147
U004474,672,1,5323.75,2024-01-13 00:45:17.973144
U004475,67,1,212.28,2025-09-09 17:38:05.179857
U004476,2,2,1938.31,2025-11-13 22:03:11.187698
U004477,209,2,785.03,2025-04-20 23:49:10.596761
U004483,379,1,513.6,2024-11-01 23:45:30.936758
U004485,36,1,132.37,2025-10-10 12:29:39.292134
U004486,444,2,1117.51,2024-08-28 22:17:59.087219
U004487,362,1,3542.54,2024-11-18 07:21:38.102523
U004488,198,1,293.61,2025-05-01 04:06:59.331256
U004495,458,2,153.63,2024-08-14 23:17:30.485568
U004497,554,1,431.07,2024-05-10 16:53:40.685968
U004498,123,1,16.22,2025-07-15 11:15:28.879277
U004501,54,2,1708.48,2025-09-22 03:27:11.806889
U004502,71,2,114.1,2025-09-05 22:01:16.780155
U004505,7,2,1087.37,2025-11-08 20:08:10.273170
U004508,162,2,823.72,2025-06-06 07:00:40.244988
U004511,176,2,437.39,2025-05-23 03:19:07.165828
U004513,112,2,173.03,2025-07-26 21:41:43.547378
U004516,652,1,1973.04,2024-02-02 01:45:51.019752
U004518,197,1,397.0,2025-05-02 23:26:11.469032
U004519,182,2,2026.49,2025-05-17 18:47:37.492846
U004520,155,2,921.11,2025-06-13 06:44:19.443699
U004522,31,2,218.68,2025-10-15 13:43:41.637657
U004525,113,2,2739.89,2025-07-25 20:49:22.399906
U004526,605,1,100.03,2024-03-20 20:03:24.937370
U004530,362,2,5622.03,2024-11-18 01:18:13.646745
U004531,368,2,240.8,2024-11-12 12:41:56.700214
U004532,539,1,612.23,2024-05-25 21:54:38.061426
U004536,288,1,234.18,2025-01-31 15:51:11.893386
U004537,203,1,508.7,2025-04-26 21:27:52.909698
U004539,489,2,5388.84,2024-07-14 22:20:29.101567
U004541,205,1,10.7,2025-04-24 22:27:21.139352
U004543,314,1,685.98,2025-01-05 06:29:13.805289
U004544,13,1,1088.04,2025-11-02 06:37:14.793051
U004546,284,2,2328.26,2025-02-04 05:21:50.720224
U004547,178,1,105.54,2025-05-21 17:12:33.892464
U004550,13,3,3771.96,2025-11-02 15:32:47.722291
U004551,45,2,786.86,2025-10-01 16:10:49.771361
U004554,404,1,790.08,2024-10-07 15:02:00.922822
U004555,233,1,606.51,2025-03-27 04:26:02.441925
U004557,78,1,175.43,2025-08-29 01:19:03.851241
U004558,553,1,36.16,2024-05-11 18:35:11.724810
U004562,28,1,1046.31,2025-10-18 06:06:18.775563
U004564,27,1,488.59,2025-10-19 03:53:18.153869
U004566,135,3,994.83,2025-07-03 22:25:51.781894
U004567,198,1,3371.57,2025-05-01 01:36:07.625176
U004569,98,3,780.46,2025-08-09 00:04:10.024043
U004570,663,1,40.77,2024-01-22 02:29:20.628310
U004572,69,2,111.21,2025-09-07 19:13:20.822408
U004573,632,1,2946.3,2024-02-22 07:07:40.076226
U004574,386,1,641.22,2024-10-25 19:56:39.363916
U004575,26,1,4279.03,2025-10-20 20:59:55.049519
U004576,42,2,248.64,2025-10-04 06:48:59.960758
U004579,151,2,342.14,2025-06-17 14:22:11.698870
U004581,158,4,772.52,2025-06-10 06:59:05.439125
U004582,486,1,20.09,2024-07-17 08:08:44.976850
U004583,383,1,624.41,2024-10-28 02:57:23.008283
U004591,654,1,22.47,2024-01-31 20:28:04.060041
U004592,389,1,380.44,2024-10-22 18:38:24.814639
U004594,181,2,3515.69,2025-05-18 12:20:17.480232
U004595,11,3,937.76,2025-11-04 07:53:04.433509
U004596,503,1,310.65,2024-06-30 16:37:39.909491
U004597,373,1,113.75,2024-11-07 08:47:35.274316
U004598,216,3,975.29,2025-04-13 05:41:11.013716
U004600,230,1,626.03,2025-03-30 09:55:21.305027
U004601,140,1,829.42,2025-06-28 02:03:37.040380
U004602,235,1,332.74,2025-03-25 16:12:36.701102
U004603,463,1,484.29,2024-08-09 19:47:07.491113
U004607,172,1,219.1,2025-05-27 00:24:34.730754
U004609,275,1,165.03,2025-02-13 03:11:12.811109
U004612,463,2,1213.22,2024-08-09 14:16:39.998054
U004613,88,3,3074.83,2025-08-19 19:58:22.184830
U004614,49,1,42.15,2025-09-27 10:55:36.502921
U004616,544,1,377.51,2024-05-20 13:57:57.912328
U004617,284,1,121.02,2025-02-04 00:55:37.996148
U004618,569,1,132.71,2024-04-25 09:38:32.133515
U004619,283,1,809.66,2025-02-05 06:12:24.449524
U004620,322,1,3.96,2024-12-28 23:05:54.548952
U004623,501,1,1312.51,2024-07-02 21:59:12.862983
U004624,616,1,681.52,2024-03-09 20:25:14.713933
U004625,276,1,7.41,2025-02-12 21:16:01.727875
U004626,507,1,253.6,2024-06-26 03:11:25.764478
U004627,12,3,3978.79,2025-11-03 08:21:33.594163
U004629,394,2,639.99,2024-10-17 11:05:27.438184
U004630,274,2,292.83,2025-02-14 05:18:45.865800
U004631,526,1,312.52,2024-06-07 17:18:42.022937
U004632,297,3,240.86,2025-01-22 11:12:01.474665
U004633,144,1,113.33,2025-06-24 22:08:10.026420
U004635,509,1,3154.5,2024-06-24 11:17:19.340959
U004636,101,2,519.94,2025-08-06 04:28:07.534127
U004637,1,2,180.65,2025-11-14 13:00:44.426115
U004638,295,2,90.56,2025-01-24 05:04:01.803027
U004640,70,1,171.89,2025-09-06 02:45:49.007919
U004642,31,2,636.85,2025-10-15 04:27:15.670444
U004643,31,1,1134.93,2025-10-15 23:30:23.208992
U004644,560,1,903.01,2024-05-04 01:37:18.849987
U004646,97,1,2025.08,2025-08-10 06:39:41.612483
U004648,527,1,88.37,2024-06-06 15:50:03.373037
U004649,203,1,40.02,2025-04-26 11:05:49.497710
U004653,349,1,1.78,2024-12-01 23:35:03.022198
U004656,50,2,160.04,2025-09-26 03:16:58.179718
U004657,242,2,131.46,2025-03-18 20:25:56.806509
U004659,285,2,3794.6,2025-02-03 21:38:56.248275
U004660,54,2,618.45,2025-09-22 09:46:49.921062
U004661,64,3,1948.93,2025-09-12 15:37:53.958706
U004662,289,2,130.16,2025-01-30 22:17:03.801459
U004663,446,1,770.24,2024-08-26 03:00:46.721945
U004664,407,1,60.63,2024-10-04 06:18:58.008220
U004668,199,2,678.64,2025-04-30 07:54:35.712948
U004669,417,1,112.57,2024-09-24 05:02:07.340267
U004672,117,2,188.37,2025-07-21 07:41:09.348459
U004673,364,1,708.01,2024-11-16 08:50:37.623449
U004674,538,1,15.79,2024-05-26 08:06:49.734339
U004675,437,1,35.22,2024-09-04 21:21:09.765156
U004676,432,1,453.7,2024-09-09 17:46:14.780086
U004677,181,2,1900.99,2025-05-18 04:04:10.116927
U004678,642,1,1878.32,2024-02-12 01:15:39.821181
U004679,638,1,196.4,2024-02-16 02:45:58.484825
U004682,13,2,341.06,2025-11-02 19:26:54.665588
U004683,40,1,175.38,2025-10-06 15:07:44.179004
U004686,339,1,645.83,2024-12-11 15:30:08.653732
U004687,418,1,744.27,2024-09-23 01:49:13.777988
U004689,408,1,712.19,2024-10-03 02:00:04.755794
U004691,482,1,303.31,2024-07-21 05:47:34.143942
U004692,643,1,3607.0,2024-02-11 16:45:58.928244
U004693,382,1,75.38,2024-10-29 16:06:04.550302
U004695,372,1,2807.98,2024-11-08 00:12:08.325318
U004696,508,1,248.94,2024-06-25 15:48:24.749738
U004697,187,1,10.35,2025-05-12 01:03:49.555396
U004701,628,1,453.86,2024-02-26 03:05:49.660788
U004703,161,1,267.81,2025-06-07 16:24:39.469103
U004704,252,1,79.42,2025-03-08 22:43:29.708262
U004706,494,1,1088.52,2024-07-09 05:34:32.350801
U004707,385,2,714.06,2024-10-26 06:50:20.237323
U004708,62,2,96.95,2025-09-14 07:45:42.311675
U004712,88,1,915.9,2025-08-19 23:38:27.645588
U004714,133,2,384.83,2025-07-05 00:55:21.941972
U004716,245,1,236.66,2025-03-15 00:04:17.718314
U004717,378,3,3946.66,2024-11-02 10:57:07.706956
U004719,253,2,322.3,2025-03-07 07:00:41.347476
U004721,352,1,127.81,2024-11-28 07:37:55.207525
U004723,216,3,719.13,2025-04-13 05:50:07.377323
U004727,161,1,166.5,2025-06-07 14:47:55.639760
U004732,220,3,2199.01,2025-04-09 04:24:06.714393
U004733,517,1,690.55,2024-06-16 20:31:19.742860
U004734,146,1,142.94,2025-06-22 16:42:23.943197
U004735,15,2,311.71,2025-10-31 04:02:39.932593
U004736,398,1,232.34,2024-10-13 19:41:31.803203
U004737,199,2,917.62,2025-04-30 17:22:57.586785
U004738,523,1,177.95,2024-06-10 15:28:42.790801
U004742,83,2,1579.12,2025-08-24 21:45:59.560342
U004744,266,1,71.91,2025-02-22 01:19:28.316067
U004746,19,3,2047.64,2025-10-27 23:24:58.201547
U004747,337,1,1023.01,2024-12-13 05:19:42.091166
U004749,228,2,865.12,2025-04-01 10:44:00.216219
U004751,29,1,674.12,2025-10-17 05:08:06.494299
U004753,273,1,103.43,2025-02-15 07:03:44.071385
U004756,34,2,742.25,2025-10-12 17:50:42.563750
U004759,481,1,207.49,2024-07-22 06:34:59.094517
U004760,79,3,3108.93,2025-08-28 08:35:25.732189
U004766,155,1,5.79,2025-06-13 05:13:36.730127
U004768,148,1,861.62,2025-06-20 10:48:08.590082
U004771,367,2,1026.42,2024-11-13 04:13:24.016050
U004772,184,3,2415.1,2025-05-15 19:52:08.044086
U004773,431,1,405.41,2024-09-10 00:59:11.231758
U004774,47,1,1409.44,2025-09-29 18:09:26.946933
U004776,109,1,21.46,2025-07-29 09:31:22.205644
U004778,217,2,781.39,2025-04-12 02:01:04.180577
U004779,680,1,501.41,2024-01-05 12:34:26.598728
U004782,116,2,3177.81,2025-07-22 19:40:35.279453
U004783,624,1,83.14,2024-03-01 22:34:03.258521
U004784,613,1,1171.59,2024-03-12 07:20:33.241867
U004785,140,2,528.4,2025-06-28 15:53:39.018894
U004787,225,2,942.37,2025-04-04 12:53:59.967103
U004790,168,1,42.74,2025-05-31 23:12:19.389808
U004792,28,1,104.54,2025-10-18 06:46:48.638717
U004796,395,2,694.62,2024-10-16 13:29:20.980191
U004799,53,1,62.62,2025-09-23 17:13:39.861138
U004802,220,1,283.47,2025-04-09 09:44:14.984011
U004803,631,1,52.93,2024-02-23 21:16:54.007647
U004804,141,1,73.39,2025-06-27 04:46:47.008133
U004805,44,1,125.48,2025-10-02 02:14:31.831222
U004810,188,1,3590.85,2025-05-11 07:07:02.676475
U004811,403,1,221.99,2024-10-08 14:12:29.044999
U004812,272,1,1239.53,2025-02-16 00:38:53.800036
U004816,399,2,1497.86,2024-10-12 06:52:03.811425
U004817,247,2,2073.57,2025-03-13 08:49:56.993217
U004818,62,2,1841.38,2025-09-14 23:16:36.788646
U004821,228,3,554.55,2025-04-01 13:30:12.629458
U004822,344,2,1644.57,2024-12-06 23:29:42.284064
U004825,31,2,302.67,2025-10-15 19:36:05.480218
U004826,668,1,825.47,2024-01-17 12:19:07.900721
U004827,135,1,358.53,2025-07-03 06:04:18.631690
U004829,500,1,227.11,2024-07-03 11:37:30.812196
U004830,270,1,30.76,2025-02-18 19:33:13.665517
U004831,475,2,264.97,2024-07-28 15:20:02.262990
U004833,524,1,999.18,2024-06-09 03:59:39.624537
U004837,110,2,703.65,2025-07-28 03:20:45.111085
U004838,185,1,275.3,2025-05-14 01:09:22.548984
U004840,527,1,68.37,2024-06-06 06:53:56.223285
U004842,55,2,3381.42,2025-09-21 16:41:27.181620
U004843,269,1,54.77,2025-02-19 02:39:24.301924
U004844,381,1,561.58,2024-10-30 15:20:25.543642
U004845,289,1,217.83,2025-01-30 09:16:22.385395
U004846,446,1,770.97,2024-08-26 00:36:49.114257
U004847,210,1,926.15,2025-04-19 11:33:18.723845
U004849,132,2,956.05,2025-07-06 17:34:17.700181
U004853,155,4,2407.9,2025-06-13 10:30:10.719807
U004855,258,2,1538.7,2025-03-02 05:52:25.138446
U004856,151,1,462.83,2025-06-17 18:36:52.202456
U004857,614,1,17.5,2024-03-11 20:50:26.044990
U004858,613,1,176.71,2024-03-12 07:30:56.095771
U004860,253,2,1834.77,2025-03-07 15:02:24.704423
U004861,356,1,901.26,2024-11-24 06:22:45.786674
U004862,93,1,208.52,2025-08-14 06:21:40.352729
U004863,21,2,318.35,2025-10-25 12:42:02.078514
U004866,136,1,5.28,2025-07-02 15:19:53.546258
U004867,261,1,143.79,2025-02-27 07:53:07.839906
U004868,627,1,87.48,2024-02-27 18:41:56.628851
U004870,679,1,1124.87,2024-01-06 06:09:30.673359
U004872,95,1,129.58,2025-08-12 18:53:39.126384
U004877,71,1,1986.27,2025-09-05 19:22:41.698436
U004878,121,1,580.18,2025-07-17 22:21:15.201879
U004880,163,2,448.84,2025-06-05 03:10:07.434322
U004881,314,1,253.01,2025-01-05 21:58:27.811030
U004882,604,1,2389.58,2024-03-21 11:46:59.087051
U004885,494,1,436.18,2024-07-09 07:56:45.731882
U004887,112,1,231.06,2025-07-26 03:49:14.247378
U004888,255,1,650.77,2025-03-05 10:18:08.662935
U004889,61,3,260.75,2025-09-15 10:39:42.467160
U004891,511,2,426.79,2024-06-22 13:02:06.615975
U004894,5,2,1660.87,2025-11-10 23:25:48.493901
U004896,150,1,655.22,2025-06-18 04:27:18.859788
U004898,200,3,2487.27,2025-04-29 05:21:55.351283
U004901,103,1,265.12,2025-08-04 06:00:00.035017
U004902,624,1,243.96,2024-03-01 17:58:06.716272
U004903,17,4,1529.12,2025-10-29 14:18:05.145879
U004904,555,1,406.98,2024-05-09 13:48:24.219128
U004906,72,3,5114.12,2025-09-04 12:42:39.227670
U004907,107,2,637.62,2025-07-31 17:33:59.581894
U004910,67,3,1725.03,2025-09-09 23:28:28.467509
U004912,17,2,599.01,2025-10-29 16:37:16.477046
U004915,513,1,376.98,2024-06-20 11:56:26.590353
U004917,40,2,468.19,2025-10-06 17:04:05.901676
U004918,4,4,946.78,2025-11-11 04:23:47.051147
U004919,39,1,189.09,2025-10-07 14:13:29.678415
U004920,165,1,124.22,2025-06-03 15:31:12.363272
U004922,9,1,1896.22,2025-11-06 18:01:11.505564
U004923,47,5,2196.1,2025-09-29 00:06:59.900796
U004925,430,2,618.43,2024-09-11 18:42:17.542180
U004926,261,2,644.42,2025-02-27 04:09:42.966940
U004928,110,1,551.26,2025-07-28 10:16:23.483956
U004933,615,1,43.13,2024-03-10 22:35:18.622448
U004938,315,1,246.05,2025-01-04 16:40:41.741100
U004941,394,2,5256.85,2024-10-17 01:10:33.362334
U004942,128,4,5574.36,2025-07-10 19:27:15.365257
U004943,281,1,1324.11,2025-02-07 10:59:15.359827
U004944,165,1,32.43,2025-06-03 20:40:50.534481
U004945,59,1,369.33,2025-09-17 23:10:20.044301
U004948,21,1,357.33,2025-10-25 08:26:52.384344
U004950,91,2,94.94,2025-08-16 11:20:14.118588
U004954,42,1,1904.76,2025-10-04 13:33:08.803906
U004958,102,1,204.0,2025-08-05 18:05:20.342621
U004959,297,1,37.4,2025-01-22 01:45:17.515837
U004961,146,5,1623.49,2025-06-22 20:41:01.931740
U004962,369,1,170.53,2024-11-11 12:08:57.348557
U004963,58,1,10.47,2025-09-18 12:59:10.448639
U004964,415,2,520.47,2024-09-26 04:48:10.258695
U004965,668,1,185.46,2024-01-17 10:22:51.179608
U004968,136,1,1893.81,2025-07-02 21:04:10.657980
U004969,478,1,260.96,2024-07-25 14:28:54.807775
U004971,212,2,358.91,2025-04-17 06:43:52.633628
U004975,73,1,165.03,2025-09-03 22:12:24.959923
U004977,29,3,3244.68,2025-10-17 16:44:46.783708
U004982,462,1,5397.05,2024-08-10 18:36:33.315522
U004983,364,2,1471.06,2024-11-16 03:38:45.285340
U004985,311,1,1625.66,2025-01-08 04:15:41.660808
U004986,378,1,261.26,2024-11-02 09:47:30.783652
U004987,500,1,625.55,2024-07-03 11:26:53.500376
U004988,310,2,3439.95,2025-01-09 14:46:12.493031
U004989,44,2,587.91,2025-10-02 11:48:50.320618
U004990,272,1,40.38,2025-02-16 15:22:22.124136
U004992,509,1,138.44,2024-06-24 13:17:20.620790
U004993,285,1,498.14,2025-02-03 19:04:39.104771
U004994,21,2,536.7,2025-10-25 21:18:15.998574
U004996,92,2,160.96,2025-08-15 00:59:54.881811
U004999,680,1,38.18,2024-01-05 07:22:31.208909
U005005,433,1,352.75,2024-09-08 10:12:15.775277
U005007,52,1,535.32,2025-09-24 22:44:40.519292
U005013,369,1,769.01,2024-11-11 16:43:03.633201
U005014,130,2,3076.23,2025-07-08 22:11:18.448132
U005016,140,1,180.74,2025-06-28 09:50:18.778919
U005021,32,2,729.95,2025-10-14 22:55:53.923203
U005022,566,1,75.19,2024-04-28 11:00:07.579237
U005025,121,2,1169.05,2025-07-17 22:19:55.487266
U005026,153,1,590.32,2025-06-15 11:06:13.305292
U005028,473,1,455.29,2024-07-30 18:59:34.858805
U005029,343,2,1282.31,2024-12-07 15:57:38.375914
U005033,43,2,587.98,2025-10-03 21:28:14.453594
U005035,131,1,209.43,2025-07-07 10:25:20.605032
U005036,484,1,427.63,2024-07-19 23:00:09.665902
U005044,637,1,302.77,2024-02-17 22:23:47.974025
U005045,207,2,794.25,2025-04-22 15:04:14.469485
U005048,446,1,179.73,2024-08-26 15:09:25.325349
U005049,361,2,186.95,2024-11-19 19:16:39.600255
U005050,347,1,148.73,2024-12-03 22:12:07.317420
U005052,236,1,132.13,2025-03-24 22:46:09.391960
U005054,76,1,173.6,2025-08-31 01:07:27.772886
U005058,10,2,244.42,2025-11-05 01:14:26.589046
U005059,43,2,362.67,2025-10-03 21:22:50.593697
U005060,44,3,1241.62,2025-10-02 21:45:43.482328
U005062,340,1,391.83,2024-12-10 23:13:56.809055
U005065,398,1,1316.47,2024-10-13 12:50:12.404199
U005066,49,1,46.36,2025-09-27 02:37:42.585388
U005067,306,1,100.06,2025-01-13 17:58:53.384693
U005071,618,1,95.46,2024-03-07 00:55:08.081283
U005072,232,2,2555.43,2025-03-28 15:40:11.326488
U005076,152,2,351.77,2025-06-16 09:16:55.938092
U005077,507,1,2843.14,2024-06-26 14:26:55.057636
U005078,285,1,35.41,2025-02-03 20:50:18.814646
U005079,470,1,11.44,2024-08-02 17:21:20.666302
U005080,75,2,1638.39,2025-09-01 21:37:46.283671
U005084,259,1,93.49,2025-03-01 09:46:59.319340
U005087,32,3,2474.13,2025-10-14 12:16:44.021870
U005088,75,1,280.51,2025-09-01 08:15:37.745400
U005091,574,1,52.14,2024-04-20 18:44:06.231744
U005092,57,1,261.74,2025-09-19 22:55:54.451576
U005093,134,1,20.18,2025-07-04 09:56:14.711187
U005094,307,1,1442.81,2025-01-12 00:08:09.354458
U005096,26,4,1663.89,2025-10-20 21:02:07.814479
U005099,514,1,1680.02,2024-06-19 01:46:55.559199
U005101,605,1,339.09,2024-03-20 23:22:40.975378
U005103,414,2,994.94,2024-09-27 18:46:36.870940
U005104,566,1,128.9,2024-04-28 04:49:35.184553
U005105,1,2,775.62,2025-11-14 14:46:14.530332
U005107,116,1,853.07,2025-07-22 11:52:36.708247
U005109,36,3,829.39,2025-10-10 00:58:56.207353
U005111,569,1,660.22,2024-04-25 10:24:06.187886
U005112,308,1,269.9,2025-01-11 19:20:41.397604
U005115,573,1,200.59,2024-04-21 07:06:37.210922
U005117,378,3,1462.91,2024-11-02 22:01:14.954724
U005118,144,1,79.6,2025-06-24 15:30:54.498276
U005121,241,1,32.02,2025-03-19 22:13:39.126723
U005122,393,1,207.45,2024-10-18 01:46:13.285217
U005123,33,2,233.28,2025-10-13 04:55:14.323909
U005124,1,2,390.73,2025-11-14 03:48:51.256498
U005127,371,1,2803.64,2024-11-09 01:20:49.223031
U005128,203,2,1236.34,2025-04-26 19:38:54.133881
U005130,366,1,129.2,2024-11-14 06:42:46.272884
U005131,279,2,557.5,2025-02-09 01:13:28.363405
U005132,358,2,774.88,2024-11-22 12:12:03.317240
U005136,18,3,2615.37,2025-10-28 13:11:13.917605
U005138,260,1,379.58,2025-02-28 21:41:06.160841
U005141,675,1,22.36,2024-01-10 01:53:37.248726
U005142,677,1,308.97,2024-01-08 00:09:39.047087
U005146,109,2,1302.85,2025-07-29 01:53:57.475272
U005148,585,2,1606.83,2024-04-09 19:35:08.005135
U005151,120,2,1089.53,2025-07-18 09:04:59.115630
U005153,472,1,3441.2,2024-07-31 16:30:23.950745
U005155,607,1,507.2,2024-03-18 11:32:57.573458
U005156,655,1,929.73,2024-01-30 17:08:33.307996
U005157,4,2,434.97,2025-11-11 05:38:23.037189
U005160,359,2,627.38,2024-11-21 23:29:38.358640
U005161,30,1,231.66,2025-10-16 01:25:09.185992
U005163,681,1,3078.25,2024-01-04 18:35:04.086157
U005164,240,2,32.4,2025-03-20 11:01:22.194751
U005168,640,1,68.39,2024-02-14 20:58:11.289012
U005169,615,1,5156.63,2024-03-10 17:17:00.247496
U005170,346,1,1103.03,2024-12-04 12:26:49.374029
U005171,260,2,1450.66,2025-02-28 23:48:25.384328
U005174,161,1,1413.59,2025-06-07 21:29:02.974498
U005177,269,1,1495.01,2025-02-19 08:19:32.030414
U005178,112,2,667.13,2025-07-26 16:46:33.608347
U005180,419,2,2141.67,2024-09-22 15:39:04.264804
U005183,177,1,170.53,2025-05-22 00:12:37.809396
U005185,48,1,20.74,2025-09-28 10:37:09.438784
U005187,9,2,2238.22,2025-11-06 13:40:09.604696
U005189,660,1,269.46,2024-01-25 16:28:50.533297
U005190,205,2,263.21,2025-04-24 00:17:59.550440
U005191,540,1,453.74,2024-05-24 23:23:00.922073
U005192,515,1,786.4,2024-06-18 15:00:53.025685
U005193,261,2,185.36,2025-02-27 15:27:02.516939
U005195,62,4,1161.94,2025-09-14 03:02:07.079824
U005197,226,1,995.07,2025-04-03 05:50:52.514884
U005200,434,1,237.83,2024-09-07 03:28:01.118182
U005201,479,1,18.45,2024-07-24 04:50:42.990573
U005203,272,1,160.18,2025-02-16 23:21:42.776387
U005208,436,1,94.71,2024-09-05 02:29:14.007695
U005209,357,1,873.01,2024-11-23 08:45:12.549328
U005211,102,1,43.4,2025-08-05 17:36:34.444599
U005212,389,1,147.17,2024-10-22 12:53:46.789094
U005213,680,1,63.33,2024-01-05 13:10:57.113073
U005218,543,2,2864.31,2024-05-21 07:08:18.127455
U005219,76,1,256.56,2025-08-31 21:06:52.807743
U005220,659,1,568.66,2024-01-26 22:53:24.775907
U005224,151,1,708.58,2025-06-17 17:37:06.252673
U005226,622,1,3759.72,2024-03-03 20:01:44.930498
U005228,354,1,224.74,2024-11-26 17:18:08.169194
U005229,387,2,247.54,2024-10-24 18:36:47.835503
U005232,38,1,263.31,2025-10-08 21:03:59.416187
U005233,140,2,1252.5,2025-06-28 21:47:59.444407
U005237,10,2,2823.23,2025-11-05 15:41:52.900125
U005238,452,1,1029.54,2024-08-20 08:20:07.438546
U005242,463,1,148.12,2024-08-09 09:50:07.250998
U005244,222,1,229.8,2025-04-07 21:58:07.650465
U005247,387,1,1170.57,2024-10-24 11:17:46.486029
U005248,236,1,503.48,2025-03-24 03:15:05.229420
U005249,500,1,295.86,2024-07-03 08:15:45.106625
U005253,638,1,28.77,2024-02-16 10:34:53.127081
U005255,164,1,86.75,2025-06-04 16:09:44.575968
U005258,565,1,198.59,2024-04-29 05:46:43.792013
U005259,195,2,456.04,2025-05-04 21:31:23.683000
U005262,280,1,1457.42,2025-02-08 02:09:19.426609
U005263,268,1,1426.01,2025-02-20 21:42:40.553416
U005266,420,1,53.8,2024-09-21 04:52:43.148643
U005269,347,3,5853.01,2024-12-03 09:43:06.089734
U005270,102,1,87.77,2025-08-05 09:19:17.592730
U005273,37,1,3938.88,2025-10-09 14:21:21.072092
U005274,520,1,377.44,2024-06-13 00:49:52.481216
U005276,163,2,2048.99,2025-06-05 14:15:25.141596
U005277,155,1,361.8,2025-06-13 01:13:12.281595
U005279,170,1,374.28,2025-05-29 02:30:12.788879
U005280,344,1,3868.84,2024-12-06 09:35:08.991420
U005281,663,1,28.37,2024-01-22 04:29:55.331734
U005284,620,1,73.31,2024-03-05 11:34:53.072170
U005287,240,1,3245.4,2025-03-20 01:54:55.546245
U005288,633,1,108.44,2024-02-21 12:14:22.317799
U005291,553,1,2224.26,2024-05-11 05:11:33.009242
U005300,249,1,650.61,2025-03-11 20:54:17.156016
U005301,147,1,5.67,2025-06-21 03:27:17.379946
U005302,197,1,90.37,2025-05-02 19:29:43.458319
U005304,659,1,96.94,2024-01-26 08:31:31.361388
U005307,584,1,118.66,2024-04-10 15:20:02.526743
U005308,515,1,315.54,2024-06-18 07:04:55.782213
U005309,61,1,1146.15,2025-09-15 21:15:11.317601
U005311,602,1,209.1,2024-03-23 08:10:34.773432
U005313,343,1,792.71,2024-12-07 13:07:15.539021
U005319,118,1,160.03,2025-07-20 05:30:44.249222
U005320,166,2,164.14,2025-06-02 23:00:24.370204
U005322,175,1,1154.99,2025-05-24 03:56:03.048405
U005324,612,1,1597.2,2024-03-13 04:36:21.828952
U005325,84,2,1567.92,2025-08-23 16:32:19.182643
U005326,185,2,419.74,2025-05-14 08:33:27.674480
U005330,24,2,3448.3,2025-10-22 01:06:00.584372
U005331,463,1,61.62,2024-08-09 01:31:47.660250
U005332,88,1,66.24,2025-08-19 01:05:19.470157
U005334,185,1,935.84,2025-05-14 07:15:34.767694
U005335,225,1,291.22,2025-04-04 14:43:03.706182
U005336,203,1,56.1,2025-04-26 03:34:49.962316
U005339,577,1,1133.6,2024-04-17 08:29:39.365524
U005341,321,1,104.57,2024-12-29 08:17:10.595191
U005342,99,2,451.07,2025-08-08 01:02:22.670011
U005343,371,2,821.38,2024-11-09 01:33:18.077509
U005347,607,1,810.13,2024-03-18 20:39:36.569978
U005348,184,1,594.62,2025-05-15 16:47:52.975487
U005349,587,1,2199.33,2024-04-07 07:44:15.443368
U005350,18,2,155.72,2025-10-28 21:55:18.674027
U005353,69,1,606.7,2025-09-07 05:14:23.953621
U005354,23,2,1027.36,2025-10-23 21:33:51.781336
U005355,53,1,698.24,2025-09-23 00:36:44.314371
U005357,159,1,41.84,2025-06-09 10:18:30.934566
U005358,31,2,909.9,2025-10-15 09:27:47.472317
U005361,428,1,597.8,2024-09-13 19:56:06.972510
U005362,54,2,733.03,2025-09-22 22:39:35.540596
U005364,605,1,70.23,2024-03-20 13:58:25.412546
U005366,479,1,1223.02,2024-07-24 15:48:04.204328
U005367,384,2,127.65,2024-10-27 20:02:24.685516
U005369,528,1,1360.3,2024-06-05 06:50:31.670526
U005370,663,1,1168.93,2024-01-22 15:32:22.826229
U005371,648,1,9.74,2024-02-06 11:49:32.507363
U005372,147,1,497.16,2025-06-21 11:03:24.700861
U005373,288,3,1721.78,2025-01-31 10:36:33.769931
U005374,614,1,251.12,2024-03-11 01:41:28.713294
U005375,162,2,1080.85,2025-06-06 16:06:25.770594
U005376,469,2,2732.16,2024-08-03 12:51:17.933672
U005378,1,1,756.54,2025-11-14 17:13:42.620223
U005381,68,1,628.13,2025-09-08 13:46:10.824572
U005382,64,1,177.94,2025-09-12 12:55:44.653232
U005383,155,2,66.88,2025-06-13 11:04:01.103810
U005384,1,1,1177.5,2025-11-14 10:38:10.959608
U005385,119,1,850.4,2025-07-19 00:37:36.548428
U005386,62,3,665.74,2025-09-14 17:38:36.742931
U005387,58,1,29.34,2025-09-18 14:22:21.460168
U005389,537,1,1849.04,2024-05-27 02:10:42.123244
U005390,344,1,424.69,2024-12-06 05:19:43.956296
U005391,39,1,140.73,2025-10-07 14:23:57.799468
U005392,486,1,77.99,2024-07-17 22:00:15.576196
U005394,37,1,68.37,2025-10-09 05:39:29.925640
U005397,126,2,549.99,2025-07-12 15:56:05.162930
U005398,108,2,352.4,2025-07-30 12:22:31.128252
U005399,260,1,114.66,2025-02-28 03:31:01.424844
U005401,95,2,2292.14,2025-08-12 08:58:17.948409
U005403,516,1,1893.58,2024-06-17 08:12:56.179282
U005405,294,2,485.76,2025-01-25 18:17:45.930197
U005406,97,1,497.08,2025-08-10 17:20:15.164965
U005408,203,2,963.85,2025-04-26 10:18:30.428613
U005409,648,1,799.91,2024-02-06 14:42:35.061573
U005410,659,1,19.14,2024-01-26 02:35:34.838148
U005411,333,1,1500.87,2024-12-17 03:28:59.116529
U005412,245,1,114.03,2025-03-15 12:57:35.693292
U005413,337,2,357.33,2024-12-13 16:03:17.473533
U005419,311,1,8.24,2025-01-08 00:38:56.696521
U005420,151,2,1175.93,2025-06-17 11:22:55.309874
U005421,560,1,406.28,2024-05-04 06:04:55.195697
U005423,364,2,1757.75,2024-11-16 21:18:04.628297
U005424,674,1,533.52,2024-01-11 17:31:08.799259
U005425,254,1,52.41,2025-03-06 06:49:08.006326
U005426,492,3,3152.26,2024-07-11 02:35:21.460031
U005428,25,2,1301.3,2025-10-21 11:49:55.457050
U005429,153,1,697.88,2025-06-15 00:56:24.046351
U005431,210,1,36.72,2025-04-19 04:00:25.756391
U005433,307,1,339.42,2025-01-12 15:19:45.531914
U005434,281,1,265.37,2025-02-07 19:50:54.186739
U005435,272,2,1797.84,2025-02-16 02:29:06.395203
U005436,513,1,219.72,2024-06-20 12:32:03.172270
U005437,159,1,56.87,2025-06-09 18:38:03.518054
U005439,303,2,368.1,2025-01-16 21:59:23.742069
U005440,138,2,1175.01,2025-06-30 18:33:24.095599
U005441,293,2,477.1,2025-01-26 13:04:07.870654
U005442,264,1,28.52,2025-02-24 22:09:40.554664
U005443,273,1,470.89,2025-02-15 03:49:00.652741
U005445,668,1,902.44,2024-01-17 05:44:22.285261
U005446,355,3,556.39,2024-11-25 09:17:49.904438
U005447,99,1,669.28,2025-08-08 20:38:21.723363
U005448,166,1,64.3,2025-06-02 22:30:09.166156
U005450,469,2,4099.01,2024-08-03 18:34:52.312383
U005451,125,1,426.42,2025-07-13 22:57:28.258103
U005455,371,2,128.92,2024-11-09 00:57:54.821881
U005460,267,2,372.44,2025-02-21 01:57:56.014317
U005462,663,1,894.8,2024-01-22 10:26:50.731242
U005463,403,2,515.86,2024-10-08 19:00:12.757799
U005465,332,1,159.73,2024-12-18 22:50:11.879054
U005466,131,1,26.13,2025-07-07 07:11:48.721277
U005468,200,1,432.18,2025-04-29 22:19:04.072883
U005470,579,1,362.98,2024-04-15 15:25:01.357277
U005471,543,1,946.47,2024-05-21 01:34:08.450912
U005473,299,1,1942.87,2025-01-20 12:42:18.600224
U005475,392,1,121.55,2024-10-19 02:23:26.855219
U005476,166,2,152.44,2025-06-02 07:16:07.100967
U005481,360,2,581.72,2024-11-20 11:43:44.105828
U005482,72,2,1182.33,2025-09-04 13:04:16.969684
U005484,46,1,611.37,2025-09-30 06:24:57.636907
U005485,371,1,569.51,2024-11-09 14:53:16.832084
U005488,315,1,222.65,2025-01-04 15:12:03.111330
U005489,212,2,1159.28,2025-04-17 10:03:35.848579
U005491,196,1,194.32,2025-05-03 00:25:20.701032
U005492,117,1,268.14,2025-07-21 06:21:40.332612
U005496,110,3,1622.79,2025-07-28 05:43:42.274518
U005498,90,1,662.39,2025-08-17 11:07:43.773337
U005499,117,2,1160.42,2025-07-21 12:49:17.433929
U005502,368,1,302.37,2024-11-12 07:41:45.127994
U005505,263,3,1780.7,2025-02-25 06:30:36.719274
U005509,196,1,324.6,2025-05-03 16:33:04.014641
U005510,119,1,110.55,2025-07-19 09:02:47.430048
U005511,111,2,117.98,2025-07-27 22:56:23.848499
U005512,585,1,37.9,2024-04-09 17:06:01.557235
U005514,661,1,820.17,2024-01-24 06:09:13.969452
U005515,162,2,1248.0,2025-06-06 22:53:05.911872
U005516,30,2,654.48,2025-10-16 20:21:30.337346
U005517,167,2,772.95,2025-06-01 11:49:55.906481
U005518,506,1,307.54,2024-06-27 12:39:55.738698
U005520,365,1,621.82,2024-11-15 03:18:01.426686
U005521,156,1,167.52,2025-06-12 21:45:14.249533
U005522,290,1,104.04,2025-01-29 01:26:03.187965
U005523,52,1,413.78,2025-09-24 04:56:21.954562
U005524,196,2,667.38,2025-05-03 09:35:31.755043
U005526,273,2,562.32,2025-02-15 12:42:38.327421
U005529,37,4,2048.11,2025-10-09 06:47:15.909997
U005530,21,2,1542.9,2025-10-25 00:47:46.375585
U005531,176,1,1957.11,2025-05-23 17:00:20.946494
U005533,483,1,67.41,2024-07-20 04:46:01.732093
U005535,1,3,1011.91,2025-11-14 11:20:45.781938
U005536,249,1,2132.3,2025-03-11 22:29:45.512722
U005537,113,3,844.47,2025-07-25 14:01:40.599825
U005538,191,2,96.8,2025-05-08 03:33:32.637421
U005542,405,1,1836.08,2024-10-06 15:13:22.524817
U005544,67,3,387.94,2025-09-09 10:17:46.891258
U005546,528,1,884.34,2024-06-05 21:16:20.923845
U005548,79,1,236.97,2025-08-28 19:31:21.274243
U005550,555,1,108.39,2024-05-09 09:28:47.514763
U005551,45,1,234.34,2025-10-01 13:47:07.131984
U005552,635,1,770.87,2024-02-19 11:14:51.018903
U005553,323,1,495.38,2024-12-27 04:40:52.494687
U005554,32,3,763.19,2025-10-14 20:06:42.088161
U005555,452,1,110.72,2024-08-20 02:41:42.077420
U005556,662,1,1128.25,2024-01-23 22:34:48.429063
U005557,9,1,380.0,2025-11-06 22:42:36.840697
U005559,630,1,172.94,2024-02-24 14:19:35.804204
U005560,383,2,319.47,2024-10-28 08:01:19.838410
U005562,93,1,1727.3,2025-08-14 06:26:52.381316
U005565,328,1,295.08,2024-12-22 21:14:01.791275
U005567,100,2,3327.01,2025-08-07 20:26:28.910264
U005568,399,2,5833.02,2024-10-12 00:20:43.160810
U005569,276,2,1030.72,2025-02-12 18:27:38.198463
U005575,670,1,2548.48,2024-01-15 11:53:49.911374
U005576,602,1,42.6,2024-03-23 23:33:30.246929
U005577,349,1,818.78,2024-12-01 01:49:06.354290
U005581,548,2,935.27,2024-05-16 22:24:55.248680
U005584,123,1,69.57,2025-07-15 04:38:03.895132
U005585,462,1,40.28,2024-08-10 00:35:09.881143
U005586,622,1,455.52,2024-03-03 12:55:09.920052
U005587,678,1,893.72,2024-01-07 15:51:12.873343
U005588,342,1,1078.4,2024-12-08 20:47:40.368209
U005589,615,1,1148.52,2024-03-10 16:14:29.369544
U005590,520,1,1045.72,2024-06-13 08:07:39.200673
U005591,115,1,143.9,2025-07-23 10:53:32.271965
U005594,449,1,2643.46,2024-08-23 06:48:48.214970
U005595,329,1,190.22,2024-12-21 04:55:35.896099
U005597,143,2,1067.36,2025-06-25 20:56:47.152157
U005598,272,2,2794.85,2025-02-16 09:11:36.454318
U005599,75,2,933.85,2025-09-01 17:54:23.224940
U005600,579,1,1577.57,2024-04-15 00:10:17.525730
U005602,468,1,69.68,2024-08-04 12:29:27.759769
U005603,209,2,3247.85,2025-04-20 00:39:03.192166
U005606,230,1,73.39,2025-03-30 20:30:18.407035
U005607,583,1,148.55,2024-04-11 07:33:37.874848
U005608,240,2,3372.27,2025-03-20 22:49:13.654016
U005610,109,4,1401.54,2025-07-29 07:56:24.549072
U005613,407,1,1055.43,2024-10-04 05:52:09.905330
U005615,423,1,19.22,2024-09-18 00:29:56.893196
U005616,580,1,301.22,2024-04-14 21:51:51.851146
U005617,505,1,68.33,2024-06-28 10:55:56.469305
U005618,140,3,3837.63,2025-06-28 15:51:01.860294
U005621,27,1,912.6,2025-10-19 16:16:59.721437
U005627,27,2,458.99,2025-10-19 17:28:48.123556
U005628,186,1,46.89,2025-05-13 03:03:29.587564
U005629,505,1,741.6,2024-06-28 03:19:29.260167
U005631,563,1,877.15,2024-05-01 11:23:21.310645
U005632,123,2,209.37,2025-07-15 03:15:54.380417
U005635,416,1,157.0,2024-09-25 16:49:56.188808
U005636,403,1,23.52,2024-10-08 01:54:37.804747
U005640,128,1,177.89,2025-07-10 13:59:10.398279
U005643,536,1,158.29,2024-05-28 14:49:56.917708
U005644,171,2,928.03,2025-05-28 22:23:47.519003
U005646,126,1,202.7,2025-07-12 00:42:30.567299
U005647,683,1,164.1,2024-01-02 03:59:17.929805
U005648,73,1,785.81,2025-09-03 17:13:15.821934
U005651,619,1,1011.71,2024-03-06 22:01:39.669970
U005652,69,2,2139.4,2025-09-07 03:37:23.997159
U005653,254,2,225.59,2025-03-06 19:01:20.531782
U005654,186,1,15.66,2025-05-13 12:28:31.351503
U005659,639,1,1007.03,2024-02-15 01:52:57.759856
U005660,118,2,1760.98,2025-07-20 02:22:01.236483
U005661,500,1,115.8,2024-07-03 22:30:42.306365
U005662,193,1,1201.02,2025-05-06 15:49:07.646903
U005664,38,1,1413.41,2025-10-08 09:31:20.188478
U005666,319,1,538.38,2024-12-31 17:56:49.360646
U005667,107,1,38.21,2025-07-31 16:21:17.645481
U005668,311,1,362.85,2025-01-08 16:30:39.913497
U005669,111,1,111.12,2025-07-27 06:09:45.185754
U005670,39,1,439.88,2025-10-07 03:40:59.350019
U005671,514,1,236.83,2024-06-19 17:01:59.214144
U005672,429,1,887.11,2024-09-12 18:02:41.575988
U005677,524,1,44.29,2024-06-09 14:45:40.949462
U005680,506,1,68.69,2024-06-27 23:04:10.060799
U005682,284,2,81.21,2025-02-04 09:45:08.614969
U005683,129,2,1735.06,2025-07-09 12:17:40.130789
U005689,637,1,1416.19,2024-02-17 06:51:39.005571
U005690,350,1,2205.7,2024-11-30 15:28:55.446192
U005691,616,1,133.34,2024-03-09 13:00:34.305650
U005692,228,2,442.69,2025-04-01 21:37:38.557917
U005693,54,1,97.36,2025-09-22 03:25:50.627779
U005694,32,2,118.28,2025-10-14 05:58:31.977608
U005696,235,1,2811.77,2025-03-25 10:37:58.651323
U005697,119,1,82.88,2025-07-19 18:50:57.002609
U005698,228,4,2537.56,2025-04-01 13:18:55.915096
U005699,419,1,308.88,2024-09-22 07:14:54.332614
U005700,63,1,669.84,2025-09-13 14:22:54.490922
U005701,674,1,1076.53,2024-01-11 14:04:53.079706
U005702,291,1,1201.76,2025-01-28 17:33:04.582428
U005703,137,2,1719.76,2025-07-01 08:17:02.510561
U005704,223,2,656.72,2025-04-06 13:24:46.140532
U005705,303,1,2179.64,2025-01-16 14:51:11.636004
U005707,484,2,2149.7,2024-07-19 06:41:56.647239
U005708,203,1,113.84,2025-04-26 12:43:51.687563
U005711,106,1,333.32,2025-08-01 00:51:59.430664
U005712,77,1,660.72,2025-08-30 14:09:10.275347
U005713,211,1,786.4,2025-04-18 14:55:24.234728
U005715,47,2,3756.19,2025-09-29 09:45:52.263417
U005716,347,1,113.58,2024-12-03 06:45:26.381231
U005718,533,1,1145.95,2024-05-31 13:33:38.381596
U005721,84,3,548.19,2025-08-23 17:47:08.150447
U005722,314,1,161.07,2025-01-05 00:31:13.341464
U005723,120,2,2196.29,2025-07-18 01:26:35.497322
U005724,106,2,621.29,2025-08-01 23:50:18.555638
U005726,496,1,58.41,2024-07-07 00:12:29.376766
U005728,220,1,46.36,2025-04-09 14:09:47.666416
U005729,143,1,1493.98,2025-06-25 05:39:42.465833
U005730,183,1,580.29,2025-05-16 14:41:56.082410
U005731,44,1,109.0,2025-10-02 16:20:03.743499
U005733,214,1,597.88,2025-04-15 15:32:08.788475
U005735,117,3,1045.71,2025-07-21 17:59:01.403446
U005739,464,1,462.35,2024-08-08 21:01:50.762687
U005742,225,2,1205.77,2025-04-04 16:59:15.334662
U005743,117,2,1435.13,2025-07-21 02:32:35.048895
U005744,256,3,1898.63,2025-03-04 03:34:33.121492
U005745,295,2,274.12,2025-01-24 00:05:17.223839
U005746,213,1,557.48,2025-04-16 18:10:02.907058
U005748,439,1,291.05,2024-09-02 05:54:44.822096
U005752,1,2,2252.0,2025-11-14 23:17:25.548939
U005756,73,1,300.8,2025-09-03 18:45:27.443270
U005758,5,1,949.7,2025-11-10 13:14:40.884311
U005760,303,2,2153.62,2025-01-16 15:16:26.254002
U005763,394,1,2358.77,2024-10-17 02:26:58.321402
U005764,51,2,819.56,2025-09-25 11:25:24.140350
U005765,107,2,477.39,2025-07-31 03:13:39.492734
U005767,43,2,1061.29,2025-10-03 08:35:25.430159
U005770,511,1,47.03,2024-06-22 11:44:20.536726
U005772,601,1,145.17,2024-03-24 02:49:15.159121
U005774,141,2,584.35,2025-06-27 08:41:59.633016
U005776,202,2,1004.15,2025-04-27 20:27:29.555858
U005777,1,1,1478.43,2025-11-14 06:16:20.874132
U005781,575,1,672.44,2024-04-19 19:17:08.104165
U005782,99,1,1132.53,2025-08-08 20:29:29.404164
U005784,473,1,531.42,2024-07-30 18:42:21.578822
U005786,28,1,74.46,2025-10-18 04:18:50.990424
U005787,141,2,785.82,2025-06-27 20:08:25.090708
U005792,57,1,833.8,2025-09-19 22:23:03.934453
U005793,597,1,315.78,2024-03-28 16:57:57.878605
U005796,246,1,1156.18,2025-03-14 03:19:02.283761
U005797,155,2,6320.35,2025-06-13 11:28:06.049273
U005798,250,1,143.04,2025-03-10 04:59:08.568726
U005799,362,1,824.81,2024-11-18 07:58:45.724025
U005800,166,2,404.76,2025-06-02 07:36:42.222035
U005803,398,2,7053.18,2024-10-13 05:10:19.418113
U005806,496,1,3037.86,2024-07-07 23:43:18.692011
U005807,546,1,1098.23,2024-05-18 19:41:18.162878
U005808,493,1,326.46,2024-07-10 17:56:52.366082
U005809,379,1,243.21,2024-11-01 12:07:24.862986
U005810,320,2,1639.28,2024-12-30 06:43:16.589870
U005811,151,1,951.16,2025-06-17 05:09:56.895265
U005813,190,1,865.55,2025-05-09 23:38:52.766498
U005814,129,2,707.64,2025-07-09 20:07:39.406891
U005815,55,1,492.09,2025-09-21 12:22:37.314704
U005819,282,2,795.03,2025-02-06 19:24:03.800317
U005820,383,1,886.37,2024-10-28 02:21:22.003851
U005821,548,1,563.96,2024-05-16 18:02:27.112270
U005822,281,1,995.65,2025-02-07 17:40:45.527703
U005823,472,1,149.63,2024-07-31 01:42:35.264004
U005824,668,1,631.84,2024-01-17 19:00:36.825697
U005827,259,2,1768.29,2025-03-01 21:22:54.075352
U005830,136,1,104.09,2025-07-02 15:06:50.908607
U005832,586,1,249.53,2024-04-08 05:26:26.828930
U005833,138,2,215.89,2025-06-30 16:54:50.290846
U005835,225,1,84.48,2025-04-04 11:52:58.205683
U005838,503,1,145.19,2024-06-30 17:57:48.194633
U005840,103,1,37.4,2025-08-04 08:25:10.646927
U005841,325,2,2287.17,2024-12-25 07:14:03.717016
U005843,51,1,393.96,2025-09-25 04:49:06.965315
U005845,546,2,2091.37,2024-05-18 23:22:21.120646
U005847,30,3,1199.07,2025-10-16 05:34:32.857619
U005848,462,2,587.44,2024-08-10 17:03:23.753285
U005850,415,3,2438.39,2024-09-26 18:58:00.561155
U005851,622,1,301.02,2024-03-03 09:53:51.580002
U005853,85,1,916.75,2025-08-22 01:53:52.009917
U005855,592,1,63.96,2024-04-02 03:15:30.635698
U005856,128,1,73.43,2025-07-10 00:10:06.868448
U005858,94,2,1870.86,2025-08-13 13:11:30.066703
U005859,321,2,274.56,2024-12-29 15:40:17.652341
U005861,251,1,290.49,2025-03-09 02:41:48.564961
U005862,432,1,264.09,2024-09-09 17:08:07.709018
U005863,229,4,846.11,2025-03-31 20:24:31.152145
U005865,341,1,140.3,2024-12-09 15:35:00.973443
U005868,507,1,2329.19,2024-06-26 05:18:35.922002
U005869,261,2,2909.97,2025-02-27 03:55:53.584650
U005870,612,1,16.86,2024-03-13 13:23:56.343220
U005871,299,1,489.38,2025-01-20 22:58:14.633794
U005872,398,3,2953.26,2024-10-13 10:21:07.006914
U005875,644,1,403.18,2024-02-10 22:08:32.431325
U005877,646,2,139.73,2024-02-08 03:13:11.551204
U005878,49,2,414.84,2025-09-27 16:55:46.317429
U005879,64,1,215.6,2025-09-12 20:10:14.760126
U005880,652,1,1202.77,2024-02-02 00:50:04.364041
U005886,640,1,402.43,2024-02-14 22:15:05.112876
U005887,356,1,252.13,2024-11-24 03:12:38.751399
U005888,514,1,22.01,2024-06-19 13:27:49.127657
U005889,517,2,629.99,2024-06-16 14:10:35.662464
U005890,232,1,238.26,2025-03-28 10:08:06.836958
U005891,639,1,493.88,2024-02-15 17:06:42.567408
U005892,208,2,425.71,2025-04-21 18:33:09.972766
U005893,666,1,1287.49,2024-01-19 00:27:25.628727
U005896,299,2,911.33,2025-01-20 04:23:42.062541
U005897,104,2,4998.42,2025-08-03 06:07:51.977623
U005899,424,1,130.45,2024-09-17 06:23:56.584282
U005900,51,4,2041.46,2025-09-25 02:43:03.868999
U005901,533,2,354.94,2024-05-31 18:52:09.281083
U005902,205,1,70.33,2025-04-24 09:51:14.528303
U005903,107,1,923.52,2025-07-31 07:58:56.779948
U005912,309,1,26.26,2025-01-10 22:23:39.316316
U005913,277,2,365.6,2025-02-11 08:53:20.139435
U005914,23,3,1551.39,2025-10-23 03:23:18.075217
U005915,194,1,411.48,2025-05-05 08:06:37.232238
U005917,224,2,1584.69,2025-04-05 19:45:53.499643
U005920,210,1,201.92,2025-04-19 23:02:36.649905
U005921,134,3,7471.96,2025-07-04 23:28:45.056405
U005923,20,2,835.0,2025-10-26 18:31:34.522900
U005925,326,1,135.03,2024-12-24 09:56:54.875926
U005927,530,1,484.84,2024-06-03 08:26:51.067638
U005928,158,1,1268.36,2025-06-10 16:41:47.542402
U005929,420,1,789.41,2024-09-21 09:49:29.988007
U005931,573,1,229.67,2024-04-21 00:34:37.189336
U005932,381,1,16.62,2024-10-30 04:50:07.864765
U005933,615,1,131.08,2024-03-10 12:31:05.068555
U005935,15,1,869.07,2025-10-31 03:50:10.505540
U005936,196,3,130.74,2025-05-03 14:11:03.126757
U005937,565,1,332.78,2024-04-29 00:11:11.927822
U005938,273,1,375.91,2025-02-15 08:22:12.457708
U005941,378,1,1290.86,2024-11-02 05:18:49.933324
U005942,667,1,65.46,2024-01-18 21:52:42.430205
U005943,276,1,95.66,2025-02-12 06:26:12.924839
U005946,478,1,1604.92,2024-07-25 11:54:16.733479
U005948,631,1,785.75,2024-02-23 07:06:02.970055
U005951,358,2,486.48,2024-11-22 07:22:14.946481
U005953,569,1,1136.07,2024-04-25 11:31:53.931515
U005955,117,3,1419.53,2025-07-21 14:14:46.600024
U005956,403,1,744.59,2024-10-08 12:26:58.281616
U005957,308,1,73.56,2025-01-11 20:58:35.326652
U005960,39,2,772.07,2025-10-07 09:28:41.146240
U005961,41,2,1236.85,2025-10-05 18:14:50.059009
U005962,636,1,514.3,2024-02-18 21:07:22.359698
U005964,89,1,73.39,2025-08-18 00:56:57.744106
U005965,579,1,1627.91,2024-04-15 19:08:33.012998
U005966,282,2,1270.4,2025-02-06 19:05:44.765471
U005967,333,2,810.92,2024-12-17 23:25:55.042802
U005969,20,2,435.83,2025-10-26 17:01:14.275188
U005971,191,1,284.87,2025-05-08 05:43:43.493831
U005975,183,1,36.42,2025-05-16 13:21:14.009477
U005977,115,1,2406.01,2025-07-23 19:00:01.277231
U005978,211,1,124.1,2025-04-18 08:32:47.851961
U005983,603,1,475.8,2024-03-22 08:24:23.056555
U005984,65,2,1292.79,2025-09-11 09:54:17.766053
U005985,110,1,368.11,2025-07-28 17:45:55.288842
U005987,16,1,30.01,2025-10-30 07:34:44.011143
U005989,490,1,74.41,2024-07-13 16:52:38.790091
U005990,607,1,357.41,2024-03-18 23:07:29.147644
U005992,661,1,479.62,2024-01-24 12:34:34.415629
U005995,393,1,213.62,2024-10-18 15:10:43.062631
U005996,519,1,131.76,2024-06-14 21:24:08.557341
U005997,302,3,1179.22,2025-01-17 18:29:07.845797
U005999,576,1,602.43,2024-04-18 06:25:05.982168
U006000,554,1,453.01,2024-05-10 21:31:07.273352
U006001,113,1,1552.0,2025-07-25 04:37:59.436308
U006002,292,2,425.29,2025-01-27 19:31:12.847743
U006003,221,1,189.42,2025-04-08 07:16:03.872009
U006004,457,1,354.07,2024-08-15 03:43:44.921999
U006005,179,2,1242.52,2025-05-20 20:03:43.901754
U006006,176,1,73.81,2025-05-23 07:16:33.924906
U006008,83,1,70.32,2025-08-24 08:11:11.031655
U006009,482,1,161.17,2024-07-21 07:09:43.037893
U006011,34,2,206.3,2025-10-12 06:29:30.237250
U006013,651,1,202.62,2024-02-03 03:08:18.754061
U006015,56,2,367.89,2025-09-20 02:48:47.662886
U006017,572,1,543.39,2024-04-22 21:05:27.238155
U006020,320,1,38.8,2024-12-30 19:21:50.039114
U006026,595,1,299.66,2024-03-30 20:00:13.300581
U006032,395,3,1264.11,2024-10-16 22:16:46.498173
U006033,161,1,2638.32,2025-06-07 12:42:25.736566
U006034,86,1,255.21,2025-08-21 06:13:21.867701
U006035,197,2,1300.71,2025-05-02 16:48:56.340083
U006037,138,4,1884.33,2025-06-30 13:14:05.007774
U006038,22,3,1877.32,2025-10-24 10:56:37.571998
U006044,385,1,615.9,2024-10-26 01:34:55.686241
U006045,176,1,791.56,2025-05-23 12:09:52.781592
U006047,145,1,1193.05,2025-06-23 23:16:16.392805
U006048,327,2,437.05,2024-12-23 18:42:11.194272
U006049,370,2,3862.54,2024-11-10 09:56:15.987634
U006053,315,1,265.37,2025-01-04 11:29:47.459953
U006054,585,1,26.21,2024-04-09 21:42:26.721017
U006057,1,2,48.74,2025-11-14 05:50:16.398194
U006060,95,1,224.44,2025-08-12 08:47:52.981168
U006062,254,1,367.54,2025-03-06 06:48:43.796080
U006064,492,1,311.35,2024-07-11 05:49:34.983073
U006065,582,1,519.78,2024-04-12 22:01:39.178469
U006066,263,1,21.02,2025-02-25 01:39:12.424504
U006067,69,2,950.14,2025-09-07 13:42:31.841004
U006071,525,1,39.02,2024-06-08 01:00:51.772375
U006072,399,2,703.34,2024-10-12 22:20:49.882666
U006074,361,1,888.9,2024-11-19 23:23:15.053826
U006075,218,2,540.88,2025-04-11 20:58:29.501580
U006076,54,1,2424.91,2025-09-22 19:43:20.008422
U006077,663,1,496.2,2024-01-22 15:15:16.260194
U006078,317,2,723.53,2025-01-02 10:37:06.540637
U006079,606,1,135.56,2024-03-19 07:09:04.086325
U006080,39,1,1282.99,2025-10-07 08:11:19.622977
U006085,44,2,2444.81,2025-10-02 18:21:22.536157
U006088,580,1,2013.19,2024-04-14 08:00:44.122597
U006089,216,1,6.58,2025-04-13 04:17:50.264973
U006090,361,2,568.84,2024-11-19 20:17:00.807620
U006091,436,2,278.59,2024-09-05 03:28:08.854497
U006092,345,1,3915.18,2024-12-05 10:39:39.387798
U006093,162,1,471.08,2025-06-06 20:29:18.810561
U006096,403,4,3895.71,2024-10-08 01:22:48.768412
U006097,333,2,3841.55,2024-12-17 15:47:03.853506
U006099,225,2,3474.09,2025-04-04 17:30:30.488082
U006100,17,3,121.59,2025-10-29 16:11:13.986852
U006102,34,1,223.08,2025-10-12 16:18:34.409760
U006103,221,1,2427.1,2025-04-08 18:16:18.107717
U006105,20,2,750.72,2025-10-26 22:33:23.696069
U006107,133,1,155.25,2025-07-05 10:28:16.127468
U006108,477,2,1693.16,2024-07-26 15:22:47.020710
U006115,104,1,334.11,2025-08-03 18:46:51.932590
U006116,40,1,63.35,2025-10-06 11:17:06.279614
U006117,41,3,977.27,2025-10-05 15:01:14.482320
U006119,402,2,652.18,2024-10-09 10:19:30.236986
U006121,475,1,1685.35,2024-07-28 12:55:15.353592
U006122,392,1,563.14,2024-10-19 11:09:52.016606
U006124,35,1,97.82,2025-10-11 01:50:55.437074
U006125,113,2,61.73,2025-07-25 04:25:52.349559
U006126,665,1,33.93,2024-01-20 22:25:21.740245
U006127,172,1,372.8,2025-05-27 11:42:06.776428
U006128,370,2,3216.6,2024-11-10 17:56:25.541902
U006130,404,1,1469.38,2024-10-07 19:40:19.664626
U006131,373,1,101.29,2024-11-07 04:53:22.041993
U006132,34,1,184.98,2025-10-12 16:55:07.049367
U006134,416,1,66.45,2024-09-25 01:13:33.454077
U006137,613,1,433.25,2024-03-12 03:27:30.904471
U006138,496,1,313.84,2024-07-07 12:34:34.768334
U006140,648,1,1204.0,2024-02-06 07:20:29.430034
U006142,318,2,733.78,2025-01-01 10:14:14.386348
U006145,668,1,2096.79,2024-01-17 14:44:39.636725
U006146,292,1,40.03,2025-01-27 04:25:51.560812
U006147,594,1,1077.43,2024-03-31 17:20:53.141719
U006149,677,1,9.58,2024-01-08 01:03:39.729061
U006150,353,2,1819.55,2024-11-27 21:22:46.801872
U006152,204,1,2158.97,2025-04-25 10:21:05.455777
U006155,25,1,581.58,2025-10-21 11:13:35.016588
U006156,187,1,65.0,2025-05-12 03:46:58.249008
U006159,8,5,1244.07,2025-11-07 09:01:52.019528
U006160,260,2,944.04,2025-02-28 03:22:02.431675
U006162,186,1,38.84,2025-05-13 19:39:18.260106
U006164,620,1,119.48,2024-03-05 23:04:57.897103
U006165,32,4,2869.69,2025-10-14 11:25:06.001106
U006166,334,3,1241.83,2024-12-16 07:49:22.227613
U006167,3,1,476.72,2025-11-12 14:59:18.178782
U006168,49,3,3429.41,2025-09-27 04:41:53.185708
U006169,521,1,914.83,2024-06-12 16:51:20.882019
U006170,226,1,757.22,2025-04-03 09:15:31.305625
U006171,119,1,185.03,2025-07-19 20:45:04.515638
U006173,530,1,1124.13,2024-06-03 04:20:33.120779
U006174,483,1,244.44,2024-07-20 11:54:18.185195
U006175,304,1,265.04,2025-01-15 16:02:57.065974
U006178,412,1,488.59,2024-09-29 14:03:02.202269
U006179,492,2,740.67,2024-07-11 16:56:37.424171
U006180,168,1,297.11,2025-05-31 02:46:33.862468
U006181,338,2,125.26,2024-12-12 09:30:35.195648
U006182,411,3,1911.06,2024-09-30 23:08:10.845119
U006183,14,1,1947.49,2025-11-01 14:36:44.246536
U006184,163,1,705.88,2025-06-05 22:57:47.755437
U006185,350,1,320.13,2024-11-30 18:56:37.606305
U006186,270,2,1197.4,2025-02-18 19:25:55.164696
U006189,395,1,1774.29,2024-10-16 23:03:43.369719
U006190,612,1,77.87,2024-03-13 17:28:18.075488
U006191,238,2,975.24,2025-03-22 23:10:01.215957
U006192,683,1,97.47,2024-01-02 21:00:49.687043
U006193,161,1,254.94,2025-06-07 22:25:47.339178
U006195,657,1,31.98,2024-01-28 03:29:56.322122
U006196,275,1,1717.0,2025-02-13 01:32:15.905204
U006197,581,1,742.01,2024-04-13 06:31:16.072360
U006200,60,1,70.8,2025-09-16 14:38:26.551879
U006206,183,1,4826.25,2025-05-16 04:52:07.427269
U006207,565,1,84.13,2024-04-29 01:54:27.385084
U006208,356,2,4421.23,2024-11-24 19:27:56.039661
U006209,122,2,777.0,2025-07-16 13:37:32.832133
U006210,134,2,2601.18,2025-07-04 22:43:01.086574
U006211,655,1,595.36,2024-01-30 03:39:05.275825
U006212,500,1,271.71,2024-07-03 03:48:03.554086
U006214,4,1,679.08,2025-11-11 19:19:26.468549
U006215,511,2,3142.23,2024-06-22 04:23:59.811947
U006216,621,1,204.29,2024-03-04 15:42:16.482988
U006218,440,2,197.9,2024-09-01 00:56:51.726665
U006220,169,1,40.79,2025-05-30 11:31:31.880388
U006222,114,3,2795.06,2025-07-24 10:13:39.640762
U006225,33,2,190.81,2025-10-13 20:51:06.572555
U006229,625,1,222.17,2024-02-29 15:59:30.059037
U006230,85,2,126.21,2025-08-22 10:45:15.047276
U006234,583,1,591.68,2024-04-11 21:07:16.661201
U006235,213,2,559.32,2025-04-16 20:51:18.883687
U006236,327,1,366.84,2024-12-23 17:20:21.872599
U006237,177,3,594.4,2025-05-22 16:35:12.983024
U006238,22,2,672.25,2025-10-24 10:06:16.619940
U006240,27,3,660.37,2025-10-19 13:42:59.462362
U006241,662,1,521.99,2024-01-23 02:00:10.375804
U006242,54,3,364.54,2025-09-22 12:07:24.603330
U006243,656,1,28.49,2024-01-29 00:18:18.953323
U006244,328,1,76.01,2024-12-22 12:59:52.784363
U006247,538,1,1823.48,2024-05-26 02:28:29.919009
U006249,295,1,680.28,2025-01-24 22:07:44.048259
U006252,439,1,2644.07,2024-09-02 14:43:51.039978
U006253,390,1,98.6,2024-10-21 09:55:15.996590
U006255,404,3,1559.4,2024-10-07 12:21:30.660079
U006256,431,1,362.24,2024-09-10 00:59:05.127825
U006257,172,3,3952.4,2025-05-27 01:52:03.464714
U006261,328,1,95.98,2024-12-22 07:31:51.080829
U006263,625,1,159.95,2024-02-29 20:59:12.533520
U006265,576,1,105.34,2024-04-18 06:28:43.675708
U006267,509,2,898.48,2024-06-24 23:57:54.998746
U006268,202,2,1925.86,2025-04-27 00:34:08.832696
U006271,57,1,204.76,2025-09-19 13:35:20.370701
U006274,216,1,97.57,2025-04-13 12:22:06.573966
U006275,367,1,49.59,2024-11-13 16:12:15.546265
U006276,103,2,383.6,2025-08-04 13:14:21.401730
U006277,232,1,1018.95,2025-03-28 16:05:34.522629
U006280,155,1,58.95,2025-06-13 21:24:15.448223
U006281,630,1,1842.0,2024-02-24 02:47:46.438539
U006284,568,1,1385.83,2024-04-26 11:50:05.022478
U006290,60,1,238.47,2025-09-16 08:39:03.292776
U006294,232,1,15.87,2025-03-28 01:22:23.568345
U006295,457,1,4106.99,2024-08-15 11:20:35.612515
U006296,195,2,2288.45,2025-05-04 04:44:15.434572
U006297,327,1,290.73,2024-12-23 11:13:47.446705
U006298,102,1,114.12,2025-08-05 07:45:45.142586
U006299,407,1,61.57,2024-10-04 21:18:22.149888
U006300,37,1,1174.48,2025-10-09 10:59:46.162874
U006302,368,3,925.65,2024-11-12 03:28:20.953995
U006308,499,2,764.75,2024-07-04 02:03:10.983981
U006309,122,1,441.08,2025-07-16 23:15:34.179364
U006310,222,3,1737.17,2025-04-07 00:20:17.218288
U006311,188,2,4534.0,2025-05-11 02:19:14.917130
U006312,451,1,50.3,2024-08-21 18:16:13.483036
U006313,289,1,65.38,2025-01-30 17:10:52.811602
U006314,245,1,2212.5,2025-03-15 02:23:02.589022
U006316,343,1,90.37,2024-12-07 16:12:37.140700
U006318,172,2,4441.78,2025-05-27 06:37:13.350774
U006319,246,3,1009.24,2025-03-14 04:23:07.252505
U006321,212,2,2222.94,2025-04-17 03:37:35.193429
U006323,34,2,702.34,2025-10-12 02:04:56.032075
U006324,241,1,210.58,2025-03-19 07:21:35.147774
U006330,69,2,315.12,2025-09-07 13:19:11.031779
U006337,44,1,907.26,2025-10-02 06:16:02.417320
U006339,56,2,3686.9,2025-09-20 07:18:43.593974
U006341,65,1,3316.35,2025-09-11 14:49:01.985850
U006343,432,1,23.37,2024-09-09 10:38:13.927952
U006344,213,3,2095.97,2025-04-16 11:12:01.382312
U006345,81,1,83.13,2025-08-26 23:03:54.200375
U006346,7,1,494.84,2025-11-08 03:04:52.436288
U006348,608,1,1420.87,2024-03-17 00:30:08.120383
U006351,110,3,696.17,2025-07-28 00:46:28.642777
U006353,357,1,90.02,2024-11-23 17:27:21.905610
U006354,241,1,1274.75,2025-03-19 11:23:18.278855
U006357,200,1,2394.88,2025-04-29 02:11:50.863096
U006358,48,4,378.99,2025-09-28 22:47:58.033848
U006362,533,1,490.5,2024-05-31 13:11:43.977412
U006363,563,1,463.75,2024-05-01 00:50:09.083680
U006364,183,2,683.93,2025-05-16 17:44:23.243018
U006365,529,1,1580.33,2024-06-04 20:54:15.674761
U006366,345,2,1455.42,2024-12-05 04:48:05.993032
U006367,22,2,376.46,2025-10-24 03:37:45.381773
U006368,476,1,427.92,2024-07-27 14:46:11.950155
U006369,566,1,702.03,2024-04-28 14:00:00.451422
U006370,364,1,590.92,2024-11-16 07:04:38.318846
U006374,51,3,2686.18,2025-09-25 12:24:09.005028
U006377,29,1,900.72,2025-10-17 05:13:36.067597
U006378,474,2,1678.1,2024-07-29 11:44:06.767466
U006380,416,1,892.41,2024-09-25 16:25:20.163896
U006381,248,1,292.11,2025-03-12 22:15:49.111797
U006382,402,1,2688.09,2024-10-09 03:37:02.129568
U006383,678,1,243.43,2024-01-07 10:46:45.418517
U006384,614,1,11.4,2024-03-11 19:27:28.026155
U006385,349,1,529.55,2024-12-01 09:52:36.549445
U006386,370,1,376.65,2024-11-10 18:26:09.288054
U006387,74,2,1507.53,2025-09-02 13:06:27.949127
U006388,528,1,11.31,2024-06-05 17:33:40.527723
U006389,476,1,207.43,2024-07-27 19:08:58.943445
U006390,620,1,97.57,2024-03-05 01:56:42.452119
U006391,410,1,256.75,2024-10-01 10:09:58.395643
U006394,613,1,34.12,2024-03-12 20:53:51.773499
U006395,400,1,1989.66,2024-10-11 14:46:51.433055
U006396,453,1,420.43,2024-08-19 12:23:10.905450
U006397,107,1,84.65,2025-07-31 14:46:09.501329
U006400,561,1,167.52,2024-05-03 17:27:39.070891
U006401,130,1,412.47,2025-07-08 21:31:37.965575
U006402,366,1,1551.44,2024-11-14 03:00:16.497304
U006403,118,2,2398.59,2025-07-20 07:55:33.565702
U006406,280,2,229.85,2025-02-08 05:53:16.713073
U006407,533,1,513.91,2024-05-31 18:07:10.359724
U006408,32,4,758.11,2025-10-14 09:04:09.158832
U006409,200,1,157.95,2025-04-29 16:23:07.242822
U006410,247,2,1727.22,2025-03-13 07:28:41.890943
U006414,193,4,216.71,2025-05-06 10:49:29.822055
U006416,233,2,258.08,2025-03-27 07:11:55.928872
U006417,14,2,2099.7,2025-11-01 03:54:00.945837
U006421,58,1,849.24,2025-09-18 16:04:52.462988
U006422,323,1,69.95,2024-12-27 23:24:52.957622
U006423,651,1,1162.56,2024-02-03 14:28:59.816821
U006425,58,2,969.56,2025-09-18 03:27:00.369998
U006426,386,1,43.13,2024-10-25 07:21:55.860389
U006429,445,1,179.12,2024-08-27 10:57:07.692330
U006431,143,3,525.98,2025-06-25 10:54:02.259266
U006435,199,2,855.9,2025-04-30 03:05:30.999967
U006436,452,1,39.02,2024-08-20 00:48:39.592474
U006437,526,1,37.14,2024-06-07 02:03:54.374503
U006438,264,1,22.15,2025-02-24 02:05:05.295294
U006439,245,2,993.0,2025-03-15 15:52:11.605561
U006440,386,2,608.86,2024-10-25 09:38:26.823437
U006442,88,2,1076.8,2025-08-19 03:54:54.283254
U006443,601,1,253.18,2024-03-24 09:57:22.084655
U006445,235,1,143.79,2025-03-25 19:18:44.494786
U006446,552,1,2336.85,2024-05-12 01:30:01.461172
U006448,96,1,1460.75,2025-08-11 16:51:02.319819
U006449,309,1,993.38,2025-01-10 06:19:04.856017
U006450,679,1,2208.36,2024-01-06 12:59:32.092103
U006453,614,1,233.13,2024-03-11 13:18:41.025459
U006454,675,1,310.8,2024-01-10 21:18:25.383776
U006456,377,1,125.16,2024-11-03 02:22:24.166761
U006457,8,3,368.3,2025-11-07 17:29:19.717377
U006459,56,1,36.36,2025-09-20 07:31:35.170436
U006460,47,2,279.01,2025-09-29 22:29:46.197306
U006462,70,1,34.32,2025-09-06 01:20:51.332336
U006464,90,2,3100.22,2025-08-17 16:34:59.561763
U006465,584,1,250.41,2024-04-10 04:29:18.099624
U006469,561,2,6341.39,2024-05-03 07:07:31.065242
U006470,601,1,529.34,2024-03-24 12:03:35.656137
U006472,520,1,150.4,2024-06-13 20:09:05.515821
U006474,193,2,235.31,2025-05-06 08:49:04.070058
U006477,629,2,3361.79,2024-02-25 11:09:54.388250
U006478,293,1,418.59,2025-01-26 13:46:51.359611
U006480,229,2,1005.89,2025-03-31 03:54:19.319484
U006482,383,1,83.34,2024-10-28 04:08:33.052607
U006486,290,3,671.88,2025-01-29 14:06:29.209677
U006488,35,1,103.54,2025-10-11 14:01:11.070924
U006490,96,2,86.46,2025-08-11 04:55:34.381769
U006493,8,2,935.6,2025-11-07 14:27:33.172206
U006494,271,1,183.75,2025-02-17 11:46:11.786561
U006496,343,1,32.25,2024-12-07 05:14:56.801143
U006497,441,1,647.54,2024-08-31 17:09:46.006938
U006498,18,2,828.94,2025-10-28 07:34:37.966721
U006499,465,1,256.55,2024-08-07 15:54:16.688996
U006500,405,1,540.24,2024-10-06 00:02:56.310612
U006501,669,1,431.12,2024-01-16 23:25:21.706943
U006502,668,1,173.37,2024-01-17 19:29:10.907004
U006503,161,1,599.32,2025-06-07 07:18:41.128324
U006504,182,1,3296.56,2025-05-17 11:46:10.437369
U006506,157,4,2117.36,2025-06-11 09:05:49.048592
U006508,155,2,1823.91,2025-06-13 17:35:13.245399
U006510,256,1,515.42,2025-03-04 23:02:15.946573
U006511,212,1,442.23,2025-04-17 23:57:54.847077
U006512,104,1,1001.67,2025-08-03 15:05:10.291851
U006513,80,1,95.81,2025-08-27 16:53:40.058087
U006515,373,2,145.49,2024-11-07 14:54:55.499253
U006516,93,2,3234.47,2025-08-14 09:53:18.478199
U006517,538,1,837.5,2024-05-26 19:09:56.564548
U006518,627,1,167.9,2024-02-27 06:57:39.481245
U006523,75,2,1913.18,2025-09-01 13:47:40.639400
U006524,50,2,612.88,2025-09-26 12:08:49.712266
U006525,622,1,2338.13,2024-03-03 04:59:42.088791
U006527,523,1,2570.35,2024-06-10 06:54:57.290086
U006531,342,2,3720.0,2024-12-08 03:31:28.777481
U006534,90,1,764.69,2025-08-17 14:17:47.277060
U006535,300,1,190.65,2025-01-19 21:11:41.015947
U006538,41,2,406.34,2025-10-05 01:35:59.592836
U006539,161,1,214.0,2025-06-07 10:22:31.351250
U006544,459,1,468.3,2024-08-13 17:08:06.277865
U006546,600,1,25.73,2024-03-25 06:14:28.828633
U006548,214,2,1737.19,2025-04-15 18:05:24.148464
U006550,86,1,27.14,2025-08-21 17:49:00.465274
U006551,1,2,679.91,2025-11-14 18:05:38.832864
U006553,634,1,1063.67,2024-02-20 00:11:16.135469
U006555,401,2,821.67,2024-10-10 02:12:28.125698
U006556,213,2,1698.18,2025-04-16 10:26:51.008488
U006557,270,1,183.59,2025-02-18 20:14:54.040421
U006558,126,1,947.24,2025-07-12 12:08:40.591860
U006559,270,2,3939.61,2025-02-18 12:36:35.638606
U006560,29,2,1778.74,2025-10-17 10:34:46.888110
U006562,288,2,511.75,2025-01-31 14:53:13.116431
U006564,2,2,496.25,2025-11-13 01:20:38.823482
U006565,149,1,1892.57,2025-06-19 20:13:56.779778
U006568,607,1,57.42,2024-03-18 12:19:40.882719
U006570,662,1,1707.41,2024-01-23 19:27:57.908912
U006574,259,1,328.61,2025-03-01 05:01:40.913390
U006576,673,1,181.88,2024-01-12 10:22:53.415010
U006577,67,1,271.18,2025-09-09 14:35:48.520681
U006579,509,1,5.98,2024-06-24 22:02:00.786791
U006581,507,1,215.65,2024-06-26 16:49:07.224279
U006582,194,2,758.42,2025-05-05 14:55:43.786866
U006583,565,2,326.25,2024-04-29 23:40:32.604628
U006584,476,1,619.72,2024-07-27 19:55:44.707750
U006588,242,1,991.35,2025-03-18 16:47:46.591712
U006589,77,1,499.91,2025-08-30 11:10:12.253411
U006592,295,1,2040.11,2025-01-24 00:20:21.660023
U006593,470,1,745.53,2024-08-02 06:26:35.603495
U006594,67,1,47.54,2025-09-09 03:14:34.662730
U006596,65,2,4281.62,2025-09-11 21:46:04.369828
U006599,176,2,1239.36,2025-05-23 18:15:57.806458
U006600,332,2,264.0,2024-12-18 05:53:40.445694
U006602,255,2,324.82,2025-03-05 12:48:00.092184
U006603,53,2,1884.76,2025-09-23 19:02:11.203050
U006604,270,3,113.59,2025-02-18 05:22:10.222471
U006605,433,1,721.24,2024-09-08 08:48:18.247171
U006606,396,2,747.21,2024-10-15 13:47:09.288578
U006608,329,2,586.04,2024-12-21 09:20:23.053809
U006610,117,2,2740.53,2025-07-21 11:43:54.345109
U006611,114,2,3363.25,2025-07-24 03:43:48.724812
U006613,357,1,941.03,2024-11-23 20:29:58.192787
U006615,294,1,138.74,2025-01-25 03:21:02.265410
U006618,145,3,3521.82,2025-06-23 17:56:27.179026
U006620,143,1,1703.13,2025-06-25 11:35:55.158446
U006624,77,1,1278.28,2025-08-30 20:46:07.806406
U006626,331,1,346.42,2024-12-19 04:58:38.785214
U006627,531,2,273.27,2024-06-02 17:47:21.287956
U006628,393,2,1472.07,2024-10-18 02:45:52.189534
U006629,169,1,314.95,2025-05-30 09:14:57.891906
U006632,234,1,569.04,2025-03-26 21:52:34.743969
U006633,272,1,177.95,2025-02-16 04:54:56.702204
U006637,490,1,94.4,2024-07-13 19:09:24.657715
U006638,106,1,263.55,2025-08-01 09:27:02.137630
U006639,69,1,706.72,2025-09-07 16:44:53.397380
U006640,297,1,1199.77,2025-01-22 16:21:02.125141
U006641,61,1,305.77,2025-09-15 11:06:13.070180
U006643,96,2,2223.25,2025-08-11 02:15:24.537341
U006644,65,2,474.17,2025-09-11 23:58:43.990878
U006646,184,2,1158.5,2025-05-15 09:28:26.426883
U006647,217,1,1368.47,2025-04-12 10:16:27.161680
U006648,307,1,539.17,2025-01-12 08:28:34.725920
U006649,506,1,74.77,2024-06-27 19:58:05.479794
U006651,99,1,626.45,2025-08-08 22:19:26.663773
U006653,79,1,157.22,2025-08-28 19:43:35.874130
U006655,140,1,222.12,2025-06-28 00:16:58.848557
U006657,174,3,2027.05,2025-05-25 07:03:18.031490
U006658,48,1,45.72,2025-09-28 06:19:04.668851
U006659,49,3,314.86,2025-09-27 20:26:29.772729
U006660,63,6,1995.74,2025-09-13 10:37:23.026692
U006662,550,1,71.51,2024-05-14 23:13:32.633027
U006665,548,1,899.4,2024-05-16 08:19:07.937879
U006666,295,1,3500.02,2025-01-24 06:13:14.341817
U006667,462,1,9.53,2024-08-10 03:35:57.994700
U006668,280,1,1849.14,2025-02-08 07:03:00.700644
U006669,284,1,533.34,2025-02-04 21:55:00.122939
U006673,118,2,391.82,2025-07-20 22:43:40.271988
U006676,420,1,62.62,2024-09-21 21:06:12.389185
U006679,304,2,857.77,2025-01-15 16:03:25.842161
U006680,173,2,1353.66,2025-05-26 20:17:12.250204
U006682,132,2,58.4,2025-07-06 02:44:54.883752
U006685,420,1,1298.33,2024-09-21 10:21:32.370140
U006686,241,3,738.25,2025-03-19 16:18:20.865386
U006687,538,1,314.64,2024-05-26 19:09:14.881830
U006689,165,1,449.07,2025-06-03 23:31:56.858593
U006690,364,1,215.71,2024-11-16 03:35:15.337401
U006692,23,1,957.88,2025-10-23 10:58:13.655746
U006694,283,3,409.57,2025-02-05 11:44:06.190911
U006696,18,2,202.72,2025-10-28 11:29:44.209096
U006698,126,1,4.51,2025-07-12 11:12:25.047433
U006699,300,2,174.04,2025-01-19 10:28:14.776089
U006701,128,3,542.28,2025-07-10 14:15:27.683725
U006702,16,2,662.88,2025-10-30 15:43:45.330041
U006703,45,2,351.65,2025-10-01 18:19:16.094539
U006704,350,1,79.6,2024-11-30 20:03:30.366859
U006705,320,1,1993.95,2024-12-30 13:41:48.415715
U006706,385,2,939.42,2024-10-26 22:45:32.488092
U006707,297,1,118.5,2025-01-22 07:17:33.297602
U006708,379,2,86.31,2024-11-01 08:52:01.292000
U006709,90,1,398.55,2025-08-17 17:54:04.934392
U006710,93,2,70.37,2025-08-14 21:11:52.774952
U006713,274,1,115.21,2025-02-14 15:40:25.283293
U006716,167,2,123.15,2025-06-01 01:28:03.432039
U006718,518,1,445.1,2024-06-15 07:46:01.644961
U006720,578,1,545.64,2024-04-16 03:13:36.991356
U006722,56,4,4388.81,2025-09-20 10:58:11.366087
U006725,312,1,27.23,2025-01-07 12:05:57.768260
U006728,58,1,422.15,2025-09-18 23:39:47.293376
U006729,641,1,676.95,2024-02-13 22:04:03.567422
U006731,352,1,570.85,2024-11-28 22:13:03.915530
U006735,208,2,199.46,2025-04-21 20:08:42.519301
U006738,90,1,766.91,2025-08-17 11:04:07.038328
U006739,51,1,137.24,2025-09-25 09:29:43.900299
U006742,146,1,797.64,2025-06-22 23:59:05.965865
U006743,13,2,100.38,2025-11-02 04:46:39.144662
U006744,70,1,287.0,2025-09-06 12:41:32.735881
U006746,308,1,252.09,2025-01-11 01:02:31.523954
U006749,89,1,6.79,2025-08-18 20:27:00.068623
U006750,399,1,2337.6,2024-10-12 00:27:29.264659
U006751,676,1,3317.72,2024-01-09 08:35:42.747436
U006753,337,1,61.86,2024-12-13 23:07:30.880751
U006754,245,4,2862.16,2025-03-15 10:00:21.661329
U006755,250,3,771.85,2025-03-10 12:17:37.681488
U006759,13,1,63.21,2025-11-02 23:27:43.915501
U006760,103,1,596.56,2025-08-04 21:25:36.341315
U006763,120,2,2293.06,2025-07-18 03:18:59.667451
U006764,203,1,128.79,2025-04-26 09:24:53.846890
U006765,313,2,2654.2,2025-01-06 09:46:48.566192
U006768,202,1,1140.55,2025-04-27 15:41:23.024813
U006769,605,1,342.07,2024-03-20 15:49:29.599611
U006771,66,3,949.97,2025-09-10 01:28:59.216546
U006772,273,1,52.93,2025-02-15 07:12:11.415365
U006776,112,1,2604.54,2025-07-26 06:19:45.688279
U006777,268,1,1540.29,2025-02-20 19:01:11.691452
U006780,367,1,18.98,2024-11-13 19:53:42.535722
U006783,87,3,4079.19,2025-08-20 23:34:10.291758
U006785,234,3,1984.13,2025-03-26 19:19:20.778166
U006786,33,1,484.55,2025-10-13 16:46:14.760041
U006787,305,1,259.0,2025-01-14 21:51:26.938512
U006788,212,1,626.29,2025-04-17 21:37:39.168093
U006789,597,1,1368.99,2024-03-28 22:27:16.583371
U006790,33,2,165.83,2025-10-13 14:04:04.138782
U006793,526,1,1325.06,2024-06-07 16:17:13.409918
U006795,306,1,306.1,2025-01-13 00:11:24.314125
U006798,30,1,207.17,2025-10-16 14:14:38.918634
U006800,231,1,737.64,2025-03-29 22:15:19.709064
U006801,414,2,5894.35,2024-09-27 01:27:43.324761
U006805,256,1,398.82,2025-03-04 17:52:53.927234
U006806,72,2,1055.18,2025-09-04 00:20:32.231081
U006809,672,1,414.34,2024-01-13 19:06:02.615057
U006810,396,1,1181.36,2024-10-15 20:38:46.033979
U006811,6,2,192.47,2025-11-09 03:05:36.297999
U006812,297,1,278.12,2025-01-22 16:25:11.099911
U006813,37,2,844.41,2025-10-09 15:07:37.511791
U006814,116,2,1160.1,2025-07-22 05:44:34.605448
U006817,56,2,1057.26,2025-09-20 05:28:04.869008
U006818,678,1,34.96,2024-01-07 10:14:54.655339
U006819,37,2,632.08,2025-10-09 10:12:55.602134
U006820,237,1,33.58,2025-03-23 16:53:54.876882
U006823,207,1,230.03,2025-04-22 20:41:54.049350
U006825,451,2,1840.37,2024-08-21 10:43:11.409254
U006827,201,2,747.28,2025-04-28 14:45:05.002681
U006829,637,1,565.78,2024-02-17 13:36:49.582966
U006830,94,4,1977.15,2025-08-13 20:37:34.070321
U006833,514,2,353.16,2024-06-19 01:56:31.373731
U006836,165,2,1305.44,2025-06-03 06:26:34.186138
U006838,13,2,717.21,2025-11-02 19:18:36.955384
U006843,338,2,371.39,2024-12-12 06:44:32.871964
U006844,46,1,4513.75,2025-09-30 20:09:40.712524
U006845,74,3,1180.27,2025-09-02 10:22:37.906324
U006847,609,1,533.78,2024-03-16 16:39:11.029087
U006850,489,1,1166.49,2024-07-14 01:12:49.573915
U006851,92,1,357.16,2025-08-15 00:34:10.086751
U006853,401,1,2259.12,2024-10-10 12:20:03.010145
U006854,356,1,71.59,2024-11-24 22:54:58.716398
U006857,40,3,1401.2,2025-10-06 21:13:02.018041
U006858,634,1,374.27,2024-02-20 03:31:45.797092
U006859,566,1,631.36,2024-04-28 01:35:04.085306
U006862,678,1,207.3,2024-01-07 12:04:14.646298
U006864,537,2,460.01,2024-05-27 05:33:42.863240
U006865,579,1,39.02,2024-04-15 06:57:28.423263
U006868,589,1,921.0,2024-04-05 18:22:51.417596
U006869,275,2,50.02,2025-02-13 18:46:55.227203
U006870,241,1,104.54,2025-03-19 05:15:05.805206
U006871,449,1,1188.26,2024-08-23 12:04:38.637476
U006872,206,2,415.79,2025-04-23 13:45:10.584537
U006873,610,1,355.16,2024-03-15 12:39:06.911944
U006874,70,3,3633.95,2025-09-06 13:16:21.626699
U006881,121,1,5.35,2025-07-17 13:46:24.940215
U006884,45,2,2198.18,2025-10-01 07:33:10.348892
U006885,247,2,965.77,2025-03-13 02:57:44.185363
U006892,171,2,1474.62,2025-05-28 04:39:51.677355
U006893,330,1,235.84,2024-12-20 05:15:21.881914
U006894,411,1,61.9,2024-09-30 12:42:18.786892
U006895,647,1,418.37,2024-02-07 10:24:29.659546
U006898,356,1,409.0,2024-11-24 12:27:08.676725
U006900,191,1,194.94,2025-05-08 16:34:03.972301
U006901,156,2,835.1,2025-06-12 16:16:42.375999
U006904,145,2,3261.73,2025-06-23 11:31:04.964054
U006905,183,1,96.76,2025-05-16 11:33:16.077104
U006907,476,1,210.99,2024-07-27 11:16:02.099080
U006908,157,3,255.18,2025-06-11 02:42:14.899765
U006909,183,1,866.49,2025-05-16 18:36:46.737432
U006911,201,2,1686.64,2025-04-28 20:36:39.737909
U006913,489,2,1030.38,2024-07-14 00:35:47.465357
U006914,669,1,918.87,2024-01-16 20:54:09.260039
U006915,255,1,638.8,2025-03-05 21:23:58.622934
U006916,414,2,459.83,2024-09-27 10:01:15.314118
U006918,582,1,31.7,2024-04-12 06:26:09.982766
U006921,614,1,320.65,2024-03-11 03:57:12.509794
U006922,82,1,57.52,2025-08-25 04:15:12.055121
U006925,102,1,116.8,2025-08-05 16:48:49.295043
U006926,524,2,1667.42,2024-06-09 07:07:33.326106
U006928,128,1,1153.44,2025-07-10 12:09:25.572395
U006930,155,3,808.63,2025-06-13 03:37:19.006270
U006934,418,1,32.1,2024-09-23 18:45:06.610839
U006935,357,1,245.6,2024-11-23 23:28:30.315874
U006936,298,3,408.23,2025-01-21 00:10:50.467532
U006937,39,3,1085.64,2025-10-07 13:43:51.013342
U006938,4,1,29.1,2025-11-11 15:50:21.732882
U006940,157,1,25.57,2025-06-11 23:55:28.270991
U006946,618,1,196.32,2024-03-07 22:25:28.319877
U006947,271,1,359.12,2025-02-17 18:48:16.463037
U006948,446,2,893.74,2024-08-26 01:03:08.451302
U006949,127,3,1190.59,2025-07-11 10:36:16.894422
U006951,452,2,475.77,2024-08-20 04:32:53.167541
U006952,346,1,2815.22,2024-12-04 09:57:11.749526
U006955,115,1,2505.69,2025-07-23 15:20:29.956797
U006958,631,1,85.2,2024-02-23 20:55:24.453140
U006959,9,2,274.3,2025-11-06 16:25:18.270952
U006960,662,1,272.95,2024-01-23 11:40:07.485075
U006962,104,2,1545.21,2025-08-03 06:10:41.725060
U006964,95,1,175.69,2025-08-12 00:56:59.900498
U006966,228,4,1670.84,2025-04-01 19:38:09.676330
U006972,631,1,134.65,2024-02-23 00:47:30.946030
U006973,632,1,2822.06,2024-02-22 04:01:28.648398
U006975,634,1,48.2,2024-02-20 23:42:00.029122
U006976,267,1,724.42,2025-02-21 08:15:48.088976
U006979,214,2,799.32,2025-04-15 21:38:23.559615
U006981,162,1,373.82,2025-06-06 02:24:19.314449
U006983,197,1,44.42,2025-05-02 02:15:17.396635
U006985,204,3,1248.76,2025-04-25 20:58:58.053998
U006986,329,2,1568.97,2024-12-21 14:52:35.165776
U006990,584,1,417.12,2024-04-10 07:44:00.838028
U006991,99,2,1074.62,2025-08-08 10:12:59.995067
U006993,220,1,85.2,2025-04-09 19:51:50.961076
U006994,423,1,287.87,2024-09-18 11:09:38.132437
U007001,298,1,60.55,2025-01-21 12:33:49.012778
U007003,137,1,249.82,2025-07-01 12:35:35.316636
U007004,675,1,592.06,2024-01-10 02:04:18.661376
U007005,543,1,207.87,2024-05-21 12:33:22.892702
U007009,105,1,134.22,2025-08-02 03:53:12.938188
U007012,131,1,31.39,2025-07-07 15:24:18.940835
U007013,174,1,123.68,2025-05-25 05:15:58.474599
U007014,503,1,17.57,2024-06-30 20:49:53.238101
U007019,550,1,333.2,2024-05-14 00:08:12.819503
U007023,569,1,43.46,2024-04-25 16:31:19.603179
U007024,226,1,1018.28,2025-04-03 06:07:59.040074
U007025,478,1,254.58,2024-07-25 05:57:39.744974
U007026,619,1,166.44,2024-03-06 13:42:54.757109
U007029,199,1,1387.63,2025-04-30 19:48:36.588470
U007030,212,2,2157.42,2025-04-17 10:53:35.927752
U007031,35,1,1187.92,2025-10-11 14:36:34.895981
U007032,265,1,107.6,2025-02-23 00:45:10.158703
U007033,177,1,113.91,2025-05-22 21:38:54.964927
U007035,237,1,136.07,2025-03-23 01:37:34.593449
U007039,159,1,318.6,2025-06-09 17:47:16.878242
U007041,268,1,499.05,2025-02-20 20:05:09.941208
U007043,142,1,5053.45,2025-06-26 13:27:15.519253
U007044,95,1,2079.21,2025-08-12 02:00:51.887535
U007046,525,1,3631.32,2024-06-08 23:07:53.991838
U007047,73,1,121.66,2025-09-03 11:01:13.058451
U007051,549,1,569.72,2024-05-15 23:39:52.520958
U007052,273,1,1228.93,2025-02-15 06:17:09.336947
U007053,627,1,2420.82,2024-02-27 00:03:03.718091
U007055,653,1,5.11,2024-02-01 08:37:36.295048
U007059,233,1,565.28,2025-03-27 09:21:38.525080
U007061,118,1,89.01,2025-07-20 07:20:00.847092
U007062,187,1,630.52,2025-05-12 10:31:15.177003
U007069,232,2,2463.75,2025-03-28 08:19:19.501614
U007072,350,1,18.38,2024-11-30 17:46:15.093566
U007073,317,1,195.21,2025-01-02 16:54:46.086520
U007074,76,1,159.71,2025-08-31 07:37:42.844420
U007077,403,1,52.0,2024-10-08 03:46:17.942970
U007078,216,1,161.53,2025-04-13 18:17:00.973922
U007079,445,2,945.88,2024-08-27 18:45:32.400290
U007080,202,3,1120.64,2025-04-27 07:54:21.841561
U007081,150,1,137.88,2025-06-18 16:54:17.108088
U007083,485,1,88.96,2024-07-18 13:30:39.093303
U007084,408,1,879.57,2024-10-03 05:31:19.444807
U007085,63,1,845.04,2025-09-13 06:35:19.882160
U007089,15,2,544.49,2025-10-31 11:21:34.218310
U007091,483,1,83.6,2024-07-20 08:21:23.083094
U007093,309,1,285.18,2025-01-10 18:40:06.402920
U007095,153,2,3335.92,2025-06-15 11:48:10.871523
U007096,269,1,699.13,2025-02-19 18:20:14.617065
U007097,351,2,84.92,2024-11-29 21:41:15.429491
U007098,187,2,2970.69,2025-05-12 08:11:33.969090
U007099,174,1,468.57,2025-05-25 17:09:05.717877
U007100,565,1,71.01,2024-04-29 22:34:12.137403
U007102,241,1,17.96,2025-03-19 14:35:23.208644
U007106,589,1,404.2,2024-04-05 18:50:08.294775
U007107,639,1,524.78,2024-02-15 07:08:34.138273
U007110,365,2,122.31,2024-11-15 09:54:53.275372
U007111,87,2,161.98,2025-08-20 13:13:47.707216
U007112,191,2,3102.27,2025-05-08 02:52:32.850588
U007115,192,2,1946.9,2025-05-07 19:41:39.514920
U007116,485,1,369.9,2024-07-18 01:41:46.664247
U007118,397,2,2861.93,2024-10-14 22:11:46.570307
U007121,411,1,860.55,2024-09-30 05:25:46.890202
U007122,291,1,85.14,2025-01-28 07:44:11.895761
U007123,391,2,190.68,2024-10-20 22:25:40.129318
U007124,147,1,74.08,2025-06-21 00:42:41.248126
U007125,179,1,244.95,2025-05-20 01:23:38.390847
U007129,584,1,290.28,2024-04-10 04:36:12.576516
U007130,87,1,305.42,2025-08-20 02:54:00.709807
U007132,296,1,698.45,2025-01-23 03:10:30.465537
U007137,389,1,456.54,2024-10-22 06:53:57.125223
U007139,513,1,373.83,2024-06-20 02:44:32.444304
U007140,170,1,189.16,2025-05-29 19:05:34.196471
U007141,619,1,47.91,2024-03-06 03:12:07.367840
U007142,380,2,179.06,2024-10-31 21:20:52.768711
U007143,104,1,227.23,2025-08-03 14:58:08.100787
U007144,113,2,153.3,2025-07-25 10:25:53.025180
U007145,618,1,312.52,2024-03-07 11:08:29.791347
U007146,516,1,64.12,2024-06-17 10:01:14.557914
U007147,36,1,1239.31,2025-10-10 06:40:35.701047
U007148,213,2,1785.02,2025-04-16 04:44:57.782972
U007149,347,1,369.72,2024-12-03 01:33:27.521864
U007150,292,2,2953.24,2025-01-27 07:28:16.121156
U007151,79,3,1429.51,2025-08-28 19:05:02.516232
U007153,290,1,2209.97,2025-01-29 02:16:36.908912
U007155,400,1,293.24,2024-10-11 13:35:12.181704
U007159,388,1,2222.66,2024-10-23 08:30:42.216535
U007163,652,1,541.84,2024-02-02 08:14:36.295411
U007164,123,3,1492.25,2025-07-15 18:41:13.706864
U007165,77,1,261.88,2025-08-30 23:35:02.331019
U007166,320,2,3493.79,2024-12-30 19:09:51.729471
U007167,288,2,3588.64,2025-01-31 11:32:25.801115
U007171,259,2,451.08,2025-03-01 15:16:40.697188
U007172,448,1,363.03,2024-08-24 11:57:13.290788
U007174,634,1,775.52,2024-02-20 22:13:31.729968
U007175,194,1,274.27,2025-05-05 12:29:18.506335
U007176,535,1,146.18,2024-05-29 15:44:22.648607
U007178,362,1,384.93,2024-11-18 00:37:09.939886
U007180,508,1,395.19,2024-06-25 01:24:56.996109
U007182,201,1,197.6,2025-04-28 21:22:44.298266
U007185,417,2,2067.44,2024-09-24 16:20:46.469577
U007190,129,3,1925.49,2025-07-09 07:22:52.375759
U007192,223,1,152.36,2025-04-06 17:38:26.559117
U007193,220,1,420.5,2025-04-09 11:01:32.225131
U007194,199,3,1930.82,2025-04-30 20:58:54.313494
U007195,67,1,54.01,2025-09-09 04:06:42.387600
U007197,147,2,1651.52,2025-06-21 13:20:56.548460
U007199,15,1,293.74,2025-10-31 05:13:48.923357
U007200,149,1,460.36,2025-06-19 03:04:42.381699
U007201,644,2,217.2,2024-02-10 08:52:34.588067
U007204,512,1,4700.56,2024-06-21 09:51:01.032453
U007206,433,2,1581.73,2024-09-08 14:23:20.332518
U007207,65,2,1668.03,2025-09-11 01:13:27.069032
U007208,166,3,488.98,2025-06-02 18:34:05.169514
U007210,428,1,1388.64,2024-09-13 23:31:36.387556
U007214,456,2,174.0,2024-08-16 15:37:43.292800
U007215,658,1,923.09,2024-01-27 00:31:58.493432
U007216,210,1,582.1,2025-04-19 07:08:08.819517
U007217,313,1,210.15,2025-01-06 05:09:40.436157
U007220,300,1,735.57,2025-01-19 22:40:20.529642
U007221,453,1,161.58,2024-08-19 17:15:02.673965
U007222,85,1,477.35,2025-08-22 02:48:25.427025
U007223,54,1,1994.47,2025-09-22 06:20:08.535680
U007226,123,2,389.3,2025-07-15 07:33:12.692332
U007227,125,1,28.2,2025-07-13 14:44:38.213696
U007228,33,1,30.09,2025-10-13 15:20:39.460353
U007229,25,3,968.45,2025-10-21 01:09:47.623078
U007231,433,1,461.56,2024-09-08 22:20:59.619110
U007235,557,1,661.75,2024-05-07 10:34:36.958176
U007237,569,1,647.51,2024-04-25 03:32:55.839586
U007239,147,1,159.29,2025-06-21 20:09:30.041882
U007241,314,1,352.9,2025-01-05 12:19:33.887596
U007242,324,1,123.14,2024-12-26 03:59:58.833220
U007243,159,1,1357.18,2025-06-09 10:40:17.451739
U007244,199,2,1205.58,2025-04-30 04:27:25.369490
U007245,463,1,742.25,2024-08-09 02:30:17.429267
U007246,63,1,320.46,2025-09-13 13:22:42.014399
U007247,589,1,83.6,2024-04-05 21:33:30.590038
U007249,570,1,395.96,2024-04-24 00:13:52.785354
U007250,262,1,228.64,2025-02-26 10:13:58.888307
U007251,187,1,67.42,2025-05-12 19:01:26.054531
U007252,26,3,639.07,2025-10-20 15:59:42.805408
U007254,54,1,527.87,2025-09-22 10:02:24.531037
U007256,14,1,57.18,2025-11-01 18:27:37.442109
U007257,98,1,1871.28,2025-08-09 22:52:44.880877
U007259,338,3,2335.77,2024-12-12 00:40:40.062271
U007261,3,3,2296.27,2025-11-12 10:19:18.301029
U007264,488,1,1017.72,2024-07-15 14:42:43.883870
U007265,403,1,44.4,2024-10-08 19:36:13.553721
U007267,490,1,201.83,2024-07-13 20:01:38.233548
U007268,171,3,3716.68,2025-05-28 10:26:58.896815
U007270,369,1,1507.35,2024-11-11 09:03:28.566803
U007271,216,1,462.2,2025-04-13 02:57:14.949723
U007274,354,3,4132.43,2024-11-26 23:01:05.548023
U007276,414,2,1365.64,2024-09-27 18:36:16.614395
U007277,34,2,1155.64,2025-10-12 11:53:40.149457
U007278,659,1,343.78,2024-01-26 03:43:24.125452
U007279,594,1,1835.32,2024-03-31 09:36:35.121217
U007281,596,1,291.24,2024-03-29 10:24:28.780631
U007283,651,1,11.83,2024-02-03 22:56:33.025931
U007284,378,1,8.24,2024-11-02 02:21:06.985007
U007286,47,2,3166.39,2025-09-29 02:43:16.533499
U007287,388,1,9.81,2024-10-23 19:47:07.159183
U007288,129,2,2098.18,2025-07-09 02:05:31.548380
U007289,472,1,71.52,2024-07-31 00:12:57.501094
U007291,439,1,163.08,2024-09-02 05:01:57.544346
U007292,103,2,65.98,2025-08-04 16:00:10.139219
U007293,273,2,1881.2,2025-02-15 14:37:05.583768
U007294,443,1,11.44,2024-08-29 03:10:32.410303
U007297,181,2,1636.54,2025-05-18 11:17:36.332592
U007298,590,1,104.76,2024-04-04 00:14:21.243510
U007300,637,1,531.68,2024-02-17 07:20:04.412069
U007301,626,1,53.19,2024-02-28 18:25:40.659820
U007302,329,1,450.53,2024-12-21 16:50:57.534400
U007303,443,1,360.29,2024-08-29 17:08:59.588411
U007304,456,1,917.23,2024-08-16 01:45:17.200942
U007305,248,3,537.71,2025-03-12 23:08:45.323953
U007306,430,2,406.26,2024-09-11 12:40:49.799952
U007307,60,5,2649.01,2025-09-16 17:20:10.267926
U007311,45,1,22.16,2025-10-01 08:49:17.081873
U007312,469,1,224.01,2024-08-03 17:27:14.802688
U007314,44,2,2238.7,2025-10-02 09:44:55.741227
U007315,577,1,41.3,2024-04-17 22:22:11.596872
U007316,52,1,542.77,2025-09-24 09:56:26.844670
U007317,513,1,915.0,2024-06-20 06:49:52.124111
U007318,573,1,1028.94,2024-04-21 14:50:37.497146
U007319,171,3,2643.39,2025-05-28 02:18:39.996518
U007320,600,1,214.23,2024-03-25 08:38:45.346982
U007322,532,1,714.6,2024-06-01 20:45:56.002613
U007323,310,1,361.55,2025-01-09 10:19:50.260798
U007324,317,1,161.29,2025-01-02 08:50:59.238740
U007325,287,1,285.6,2025-02-01 12:56:06.957311
U007327,568,1,168.02,2024-04-26 17:40:24.839546
U007332,148,1,878.73,2025-06-20 14:55:15.668015
U007334,62,2,242.37,2025-09-14 03:25:23.825027
U007337,258,1,352.54,2025-03-02 20:08:57.584682
U007338,377,1,95.02,2024-11-03 18:57:19.867050
U007341,629,1,7.92,2024-02-25 07:51:00.619427
U007345,679,1,438.86,2024-01-06 13:05:42.305927
U007351,216,1,396.76,2025-04-13 18:27:20.553177
U007354,257,1,236.34,2025-03-03 05:35:25.275975
U007356,35,2,192.72,2025-10-11 06:00:03.975976
U007357,615,1,272.53,2024-03-10 22:08:34.385242
U007361,470,2,1336.32,2024-08-02 05:10:04.727296
U007362,501,1,549.45,2024-07-02 10:10:22.870837
U007364,380,1,108.18,2024-10-31 08:16:52.890532
U007365,496,1,149.22,2024-07-07 03:04:18.980082
U007369,97,2,197.89,2025-08-10 18:00:42.523369
U007370,258,1,359.27,2025-03-02 23:42:19.537422
U007373,33,1,14.7,2025-10-13 12:07:36.715914
U007374,582,1,293.24,2024-04-12 13:24:29.894129
U007375,105,1,200.4,2025-08-02 18:15:10.770049
U007377,297,1,390.18,2025-01-22 02:22:18.171499
U007379,534,1,90.37,2024-05-30 09:05:04.610263
U007382,208,1,463.81,2025-04-21 12:57:46.405767
U007383,674,1,384.44,2024-01-11 17:44:57.402695
U007385,24,1,55.28,2025-10-22 17:00:54.655337
U007386,95,2,2157.67,2025-08-12 18:17:03.680747
U007387,30,2,1532.96,2025-10-16 02:25:02.752416
U007390,505,1,442.31,2024-06-28 12:52:41.100667
U007391,81,2,1197.82,2025-08-26 21:26:34.877799
U007392,136,1,194.49,2025-07-02 02:38:40.373811
U007393,413,1,1558.73,2024-09-28 20:13:23.018170
U007394,82,1,917.59,2025-08-25 04:35:11.344584
U007395,323,2,1417.54,2024-12-27 02:03:52.178181
U007396,304,1,366.03,2025-01-15 16:46:24.786064
U007397,253,1,14.26,2025-03-07 14:51:01.649293
U007398,456,1,120.82,2024-08-16 05:17:11.929828
U007399,423,1,955.89,2024-09-18 05:03:32.686484
U007400,405,2,851.94,2024-10-06 02:33:07.732974
U007401,520,1,55.25,2024-06-13 00:02:49.273337
U007402,132,1,319.56,2025-07-06 10:11:45.488524
U007403,662,2,660.5,2024-01-23 09:55:09.156639
U007405,122,3,1938.38,2025-07-16 09:57:32.472343
U007406,44,2,2331.57,2025-10-02 04:59:20.574857
U007410,390,1,25.49,2024-10-21 21:06:48.138371
U007413,279,1,141.14,2025-02-09 04:42:46.332144
U007414,233,2,572.44,2025-03-27 04:36:06.309852
U007416,342,1,442.75,2024-12-08 22:13:41.351999
U007417,385,1,121.89,2024-10-26 05:08:11.137580
U007420,335,1,977.37,2024-12-15 06:39:57.503433
U007421,92,1,152.24,2025-08-15 09:01:44.165017
U007422,468,1,347.47,2024-08-04 15:34:56.486561
U007423,496,1,174.51,2024-07-07 11:23:13.634397
U007425,494,2,306.41,2024-07-09 15:29:37.467732
U007426,181,1,87.1,2025-05-18 20:37:54.792515
U007427,287,1,727.45,2025-02-01 07:58:05.696923
U007428,14,1,1266.58,2025-11-01 08:27:50.948615
U007429,559,1,54.65,2024-05-05 20:23:30.531017
U007430,466,2,1052.84,2024-08-06 02:28:08.440138
U007431,407,2,483.58,2024-10-04 12:18:05.539446
U007432,628,1,66.98,2024-02-26 09:20:04.203662
U007433,124,1,521.5,2025-07-14 15:06:35.850669
U007434,365,2,113.13,2024-11-15 10:27:17.951285
U007435,109,1,800.71,2025-07-29 05:13:43.155855
U007436,369,2,566.1,2024-11-11 13:21:43.264638
U007437,99,1,9.49,2025-08-08 18:18:19.898179
U007439,59,1,2066.58,2025-09-17 04:20:58.589302
U007440,335,1,75.1,2024-12-15 03:56:32.248905
U007441,332,2,716.26,2024-12-18 21:34:54.065127
U007442,376,1,165.22,2024-11-04 18:12:14.773925
U007443,317,1,32.16,2025-01-02 10:40:07.974179
U007444,266,1,110.04,2025-02-22 01:36:19.391952
U007445,545,1,2807.11,2024-05-19 19:41:04.951288
U007446,573,1,137.45,2024-04-21 19:23:58.790574
U007453,256,3,311.45,2025-03-04 11:21:54.409457
U007454,356,1,1136.5,2024-11-24 00:19:08.339748
U007455,129,1,611.64,2025-07-09 21:01:13.545679
U007456,205,1,674.06,2025-04-24 01:17:43.272776
U007457,142,4,1558.3,2025-06-26 03:29:12.605540
U007463,36,1,74.06,2025-10-10 06:34:49.340977
U007465,78,2,2669.08,2025-08-29 20:50:08.285707
U007467,60,1,655.19,2025-09-16 15:56:20.787596
U007468,491,1,166.77,2024-07-12 13:24:20.113045
U007470,359,1,489.62,2024-11-21 18:17:23.333329
U007472,155,1,266.54,2025-06-13 19:39:49.688512
U007474,154,1,398.93,2025-06-14 21:01:19.110633
U007475,618,1,519.21,2024-03-07 05:19:52.882047
U007476,678,1,377.51,2024-01-07 13:51:40.563450
U007479,170,2,2156.66,2025-05-29 17:44:39.716545
U007480,3,1,529.81,2025-11-12 00:25:52.000454
U007482,346,2,97.65,2024-12-04 13:03:59.337453
U007483,7,2,6379.32,2025-11-08 09:37:07.303611
U007484,424,3,6294.64,2024-09-17 09:57:12.646570
U007485,126,1,122.69,2025-07-12 15:33:59.611060
U007488,497,1,176.77,2024-07-06 15:15:14.293848
U007489,21,1,514.28,2025-10-25 12:30:19.045161
U007490,27,1,659.22,2025-10-19 06:11:39.931987
U007496,28,1,36.2,2025-10-18 13:57:10.016437
U007498,366,1,206.86,2024-11-14 17:51:49.368391
U007499,30,2,343.53,2025-10-16 18:31:08.984491
U007500,663,1,36.2,2024-01-22 05:01:54.486766
U007502,371,1,531.53,2024-11-09 10:48:35.925175
U007504,290,1,916.62,2025-01-29 20:35:15.636920
U007507,615,1,183.77,2024-03-10 02:13:18.518057
U007508,399,1,598.96,2024-10-12 01:45:03.545005
U007509,238,1,207.25,2025-03-22 11:47:55.608364
U007512,116,2,116.0,2025-07-22 20:00:42.990459
U007515,387,1,1510.66,2024-10-24 01:49:28.547473
U007516,62,2,819.44,2025-09-14 05:33:34.452213
U007517,476,1,277.64,2024-07-27 10:47:21.447284
U007518,482,2,37.41,2024-07-21 06:16:11.729531
U007521,32,1,199.79,2025-10-14 18:09:06.477591
U007522,72,2,420.42,2025-09-04 07:31:23.528068
U007526,505,1,525.77,2024-06-28 15:42:37.842688
U007527,14,1,119.32,2025-11-01 04:27:14.715904
U007528,335,1,17.5,2024-12-15 01:41:44.018111
U007532,249,3,1543.55,2025-03-11 14:26:37.624212
U007534,109,1,128.31,2025-07-29 04:55:46.940204
U007537,246,1,753.47,2025-03-14 08:07:55.235847
U007538,358,1,675.42,2024-11-22 09:20:09.123491
U007541,35,1,1269.75,2025-10-11 08:30:17.015558
U007542,602,1,426.48,2024-03-23 12:02:01.938764
U007543,23,1,122.35,2025-10-23 07:52:18.458010
U007544,286,1,436.74,2025-02-02 11:01:32.556348
U007547,378,1,945.39,2024-11-02 10:47:38.076921
U007550,367,2,1189.75,2024-11-13 11:46:50.056052
U007551,337,3,833.14,2024-12-13 00:02:10.233746
U007552,210,1,87.54,2025-04-19 03:44:39.734886
U007553,9,1,67.08,2025-11-06 02:32:46.951982
U007554,112,5,1178.79,2025-07-26 02:55:11.612289
U007558,509,1,127.5,2024-06-24 12:17:02.104821
U007560,105,2,972.98,2025-08-02 08:35:45.437063
U007561,55,3,4272.8,2025-09-21 04:14:02.208095
U007562,284,1,315.02,2025-02-04 13:09:14.664100
U007564,245,1,897.23,2025-03-15 16:18:53.998970
U007565,451,1,356.53,2024-08-21 03:22:12.391628
U007566,300,3,2601.73,2025-01-19 06:58:23.782560
U007567,7,2,5223.79,2025-11-08 03:36:17.759385
U007568,260,1,546.73,2025-02-28 07:59:31.506000
U007569,564,1,4231.46,2024-04-30 04:00:56.701987
U007570,186,1,234.33,2025-05-13 09:01:37.681399
U007571,475,1,814.91,2024-07-28 13:07:07.584440
U007573,86,1,39.87,2025-08-21 04:16:46.041696
U007574,182,1,81.49,2025-05-17 12:46:20.949522
U007577,48,1,1298.89,2025-09-28 11:33:03.443020
U007578,278,1,3503.1,2025-02-10 12:09:06.945048
U007579,393,1,381.83,2024-10-18 17:46:25.642613
U007583,452,1,44.33,2024-08-20 00:50:04.723152
U007584,640,1,53.24,2024-02-14 12:55:35.765591
U007586,494,2,1005.43,2024-07-09 17:55:57.257186
U007587,186,2,3221.68,2025-05-13 17:38:24.914926
U007590,139,1,417.57,2025-06-29 19:23:53.324397
U007591,626,1,105.75,2024-02-28 14:56:59.236728
U007593,476,1,38.18,2024-07-27 08:15:07.424089
U007594,440,1,5176.65,2024-09-01 14:26:59.916582
U007596,265,3,738.42,2025-02-23 05:22:32.758354
U007597,588,1,507.88,2024-04-06 08:42:10.153438
U007598,89,4,1069.52,2025-08-18 07:17:34.809563
U007599,120,2,1142.65,2025-07-18 02:26:22.498617
U007601,2,1,1081.09,2025-11-13 13:44:24.702677
U007602,512,1,66.33,2024-06-21 17:29:27.583842
U007604,112,1,261.22,2025-07-26 05:39:20.426441
U007605,590,1,48.58,2024-04-04 08:39:46.952222
U007607,30,1,10.2,2025-10-16 04:37:35.515583
U007610,334,1,10.96,2024-12-16 11:59:35.147313
U007611,145,1,1252.69,2025-06-23 11:08:12.980971
U007613,201,3,2042.6,2025-04-28 19:17:17.587889
U007615,314,1,454.71,2025-01-05 04:31:44.965214
U007617,255,3,525.08,2025-03-05 04:09:58.659899
U007618,171,1,128.53,2025-05-28 11:39:09.704501
U007619,316,1,1385.1,2025-01-03 08:13:32.664993
U007620,232,1,107.66,2025-03-28 11:46:57.496236
U007623,500,1,1894.36,2024-07-03 13:53:51.890810
U007625,120,2,1348.31,2025-07-18 06:56:08.636368
U007626,4,2,469.68,2025-11-11 05:56:38.557973
U007628,457,2,1046.23,2024-08-15 13:40:56.377087
U007629,225,1,2677.06,2025-04-04 13:00:32.663777
U007631,276,1,2702.6,2025-02-12 10:59:49.453264
U007632,461,1,763.66,2024-08-11 22:49:37.749962
U007633,343,3,2162.49,2024-12-07 14:54:51.565906
U007637,321,2,543.58,2024-12-29 06:42:08.743338
U007638,174,2,259.14,2025-05-25 19:59:06.624206
U007640,367,1,261.37,2024-11-13 18:40:15.463103
U007642,11,1,192.44,2025-11-04 06:53:13.407533
U007643,36,1,370.92,2025-10-10 03:44:41.283248
U007651,503,1,86.34,2024-06-30 20:23:37.769125
U007653,117,1,1712.95,2025-07-21 19:37:29.955623
U007655,99,1,278.74,2025-08-08 13:40:41.832344
U007656,515,1,56.79,2024-06-18 04:51:30.168904
U007660,676,1,847.08,2024-01-09 01:25:57.047978
U007661,622,1,15.21,2024-03-03 23:33:22.844913
U007663,205,2,22.02,2025-04-24 18:02:04.363677
U007664,106,2,244.78,2025-08-01 21:09:22.265716
U007665,186,1,1154.0,2025-05-13 03:08:42.172357
U007667,347,3,639.39,2024-12-03 09:52:24.941047
U007670,199,2,450.35,2025-04-30 05:11:14.987939
U007672,220,2,825.09,2025-04-09 20:42:06.782764
U007673,250,1,102.77,2025-03-10 08:48:10.375869
U007674,237,1,531.46,2025-03-23 11:18:50.777862
U007675,319,1,146.97,2024-12-31 12:41:56.861954
U007676,613,1,1249.51,2024-03-12 12:07:17.238536
U007677,381,1,44.02,2024-10-30 21:29:09.545757
U007679,352,1,75.93,2024-11-28 16:34:55.206846
U007680,20,3,2249.69,2025-10-26 18:40:17.655601
U007681,550,2,244.18,2024-05-14 11:28:06.386010
U007682,595,2,4570.18,2024-03-30 15:53:32.598587
U007683,632,1,78.0,2024-02-22 09:33:06.504743
U007684,327,1,396.98,2024-12-23 11:56:17.040808
U007685,574,1,224.87,2024-04-20 03:39:26.158092
U007686,244,1,107.38,2025-03-16 01:29:26.363841
U007687,672,1,1778.14,2024-01-13 07:33:12.509874
U007688,14,2,300.51,2025-11-01 14:50:07.160593
U007689,92,1,472.83,2025-08-15 03:28:48.598584
U007695,48,1,1246.53,2025-09-28 07:09:05.279928
U007698,618,1,1345.07,2024-03-07 06:41:25.146117
U007701,381,1,183.18,2024-10-30 00:14:15.840222
U007702,362,1,343.39,2024-11-18 09:55:20.932729
U007705,458,1,182.11,2024-08-14 06:02:35.985630
U007706,413,1,23.28,2024-09-28 23:57:50.047891
U007707,619,1,360.07,2024-03-06 17:39:33.897399
U007712,327,2,5476.93,2024-12-23 06:35:48.362220
U007714,94,1,131.75,2025-08-13 22:13:14.173127
U007716,521,1,813.52,2024-06-12 18:26:16.658523
U007717,136,2,447.38,2025-07-02 07:29:57.849681
U007720,339,2,473.84,2024-12-11 03:53:24.179960
U007723,197,1,336.39,2025-05-02 08:37:05.409826
U007727,141,1,254.51,2025-06-27 07:04:39.376055
U007730,156,1,339.43,2025-06-12 23:34:16.502276
U007731,268,2,1559.61,2025-02-20 11:22:10.676732
U007734,24,1,852.64,2025-10-22 06:43:47.970921
U007735,264,1,385.25,2025-02-24 19:33:19.375502
U007738,419,1,918.96,2024-09-22 13:16:34.716679
U007739,218,2,898.82,2025-04-11 09:19:55.501338
U007741,435,1,158.61,2024-09-06 00:34:19.122329
U007742,668,1,769.71,2024-01-17 04:00:54.699281
U007743,182,3,3036.46,2025-05-17 00:33:06.607488
U007744,128,1,59.97,2025-07-10 04:10:49.710093
U007746,74,1,849.11,2025-09-02 17:52:08.519328
U007747,106,2,605.89,2025-08-01 04:59:35.494293
U007748,649,1,15.62,2024-02-05 10:02:56.099927
U007749,199,2,382.69,2025-04-30 04:57:01.488226
U007751,557,1,225.54,2024-05-07 06:47:14.857805
U007753,132,2,61.7,2025-07-06 06:50:27.399717
U007754,152,1,380.51,2025-06-16 10:58:25.777451
U007755,496,2,586.72,2024-07-07 16:52:50.070316
U007756,447,1,237.68,2024-08-25 03:16:47.129084
U007759,198,1,380.28,2025-05-01 06:37:54.320246
U007761,528,2,346.8,2024-06-05 21:21:53.711530
U007762,179,2,327.92,2025-05-20 02:48:58.873497
U007765,365,1,156.08,2024-11-15 21:25:47.531875
U007766,117,1,243.43,2025-07-21 23:20:00.728120
U007767,201,1,1915.91,2025-04-28 18:36:37.254009
U007770,121,1,202.84,2025-07-17 03:50:01.621235
U007771,48,1,17.28,2025-09-28 15:02:56.229197
U007772,64,1,413.14,2025-09-12 13:19:19.487065
U007773,287,1,101.71,2025-02-01 00:23:58.571868
U007774,468,2,889.18,2024-08-04 11:52:44.621365
U007775,172,1,131.03,2025-05-27 13:27:02.291323
U007779,267,1,235.07,2025-02-21 22:58:50.036820
U007780,249,1,1325.06,2025-03-11 05:55:06.351858
U007781,679,1,65.06,2024-01-06 09:35:08.765904
U007783,191,1,32.73,2025-05-08 10:03:40.183100
U007784,199,1,194.5,2025-04-30 13:50:15.054257
U007791,85,1,2301.63,2025-08-22 04:13:20.319003
U007792,181,1,42.76,2025-05-18 16:51:25.710751
U007793,524,1,4378.03,2024-06-09 16:40:32.023219
U007796,511,1,100.06,2024-06-22 02:02:47.993723
U007798,209,2,147.63,2025-04-20 01:26:13.641998
U007799,492,1,15.22,2024-07-11 00:12:24.685468
U007801,40,1,52.06,2025-10-06 09:48:27.553069
U007804,142,1,388.46,2025-06-26 14:59:07.017852
U007805,193,1,184.8,2025-05-06 11:45:27.858661
U007806,177,1,288.96,2025-05-22 17:29:34.983261
U007813,30,2,2121.13,2025-10-16 09:34:39.442012
U007814,85,2,826.41,2025-08-22 10:34:42.395580
U007815,223,2,1429.98,2025-04-06 10:28:22.761940
U007816,541,1,104.54,2024-05-23 23:31:59.084372
U007817,426,1,504.15,2024-09-15 15:38:16.545346
U007818,53,2,1066.96,2025-09-23 19:18:48.959382
U007820,365,1,443.71,2024-11-15 15:55:06.805459
U007822,103,2,908.41,2025-08-04 03:07:14.758454
U007827,156,2,537.0,2025-06-12 08:10:06.711989
U007828,205,1,95.82,2025-04-24 21:01:39.854387
U007829,538,1,148.33,2024-05-26 05:55:53.867320
U007831,589,1,155.2,2024-04-05 12:51:34.934803
U007832,89,1,2002.35,2025-08-18 07:53:04.978079
U007833,5,4,1190.99,2025-11-10 15:09:21.641431
U007834,19,2,479.54,2025-10-27 07:50:02.557975
U007835,159,1,493.22,2025-06-09 08:09:31.683099
U007837,24,1,1159.58,2025-10-22 19:20:35.372656
U007839,307,1,2922.48,2025-01-12 01:21:34.709895
U007841,1,1,70.68,2025-11-14 21:51:57.006120
U007843,401,1,115.37,2024-10-10 07:59:21.627153
U007844,130,2,2911.11,2025-07-08 01:06:28.146788
U007850,227,2,296.99,2025-04-02 02:28:07.189759
U007851,440,1,149.44,2024-09-01 21:32:30.348255
U007852,262,1,176.16,2025-02-26 08:33:30.509387
U007854,598,1,644.03,2024-03-27 12:50:06.809827
U007855,205,2,337.99,2025-04-24 05:17:08.141628
U007856,128,1,53.18,2025-07-10 21:06:27.315451
U007858,651,1,778.39,2024-02-03 20:54:23.936079
U007860,624,1,186.4,2024-03-01 07:34:23.970493
U007863,165,2,466.53,2025-06-03 10:30:52.298799
U007864,306,2,958.27,2025-01-13 01:03:45.188088
U007866,252,2,598.69,2025-03-08 15:09:22.167201
U007867,663,1,273.77,2024-01-22 23:24:09.282277
U007869,242,2,1470.88,2025-03-18 11:16:59.154227
U007871,11,3,2617.05,2025-11-04 01:20:03.680668
U007872,93,3,590.11,2025-08-14 00:31:34.708970
U007873,485,1,188.48,2024-07-18 20:27:18.390685
U007874,102,2,2129.03,2025-08-05 02:59:36.127856
U007876,146,2,2088.08,2025-06-22 01:42:18.836854
U007877,394,1,187.58,2024-10-17 07:25:26.507383
U007878,221,1,19.77,2025-04-08 16:37:42.542756
U007879,331,1,34.78,2024-12-19 09:21:01.936886
U007880,160,1,1979.6,2025-06-08 16:42:17.355349
U007881,38,3,1937.07,2025-10-08 13:40:21.050353
U007882,251,2,316.06,2025-03-09 04:52:49.724553
U007884,536,1,654.1,2024-05-28 21:31:23.214461
U007885,566,1,333.28,2024-04-28 11:06:24.820649
U007887,107,3,921.99,2025-07-31 15:16:10.432777
U007888,681,1,376.36,2024-01-04 00:18:41.078745
U007890,25,2,3743.26,2025-10-21 15:19:06.538910
U007891,82,1,58.15,2025-08-25 06:44:14.710119
U007892,622,1,1261.84,2024-03-03 19:02:32.231998
U007896,592,1,19.24,2024-04-02 16:15:25.054888
U007898,66,1,228.38,2025-09-10 22:25:45.048730
U007899,158,2,1378.55,2025-06-10 06:54:20.158634
U007900,554,1,75.81,2024-05-10 09:13:02.784304
U007903,362,1,23.38,2024-11-18 17:51:00.719049
U007906,43,3,663.92,2025-10-03 17:18:51.648544
U007907,254,2,244.38,2025-03-06 01:49:32.529850
U007909,467,1,898.96,2024-08-05 22:20:24.378375
U007912,494,2,478.92,2024-07-09 00:44:53.110047
U007913,445,2,228.29,2024-08-27 02:54:17.836089
U007915,447,1,11.15,2024-08-25 11:21:43.800678
U007923,668,1,160.06,2024-01-17 14:09:32.294773
U007925,51,1,293.07,2025-09-25 11:08:30.455474
U007926,46,1,5.79,2025-09-30 02:56:12.167979
U007928,201,1,304.76,2025-04-28 15:23:49.823920
U007930,104,4,3981.99,2025-08-03 18:54:22.667700
U007933,472,1,278.0,2024-07-31 23:52:58.069843
U007937,586,1,705.58,2024-04-08 14:09:41.275107
U007940,640,1,420.63,2024-02-14 13:02:31.799431
U007941,614,1,514.26,2024-03-11 14:03:17.910469
U007944,144,1,975.52,2025-06-24 02:07:29.173216
U007945,61,2,418.41,2025-09-15 14:36:36.623470
U007947,68,3,1516.5,2025-09-08 17:26:19.474967
U007951,509,1,2410.2,2024-06-24 05:50:58.255911
U007952,342,1,19.55,2024-12-08 07:52:09.977877
U007953,109,2,504.44,2025-07-29 18:21:31.968379
U007954,533,2,274.96,2024-05-31 15:41:36.233771
U007956,588,1,72.45,2024-04-06 04:10:32.176322
U007957,252,4,2600.16,2025-03-08 22:59:33.132275
U007958,69,2,566.35,2025-09-07 11:44:37.827620
U007959,280,1,133.71,2025-02-08 01:29:00.826990
U007961,96,2,2094.82,2025-08-11 22:17:38.184282
U007962,394,1,716.43,2024-10-17 10:19:19.025926
U007963,532,1,79.17,2024-06-01 12:39:42.945544
U007964,141,2,444.83,2025-06-27 21:48:49.983923
U007965,168,1,1236.22,2025-05-31 18:29:16.445554
U007968,506,1,2208.7,2024-06-27 20:38:17.618916
U007969,95,1,179.45,2025-08-12 03:08:38.164146
U007971,45,1,286.31,2025-10-01 12:39:54.792429
U007972,226,1,111.42,2025-04-03 12:44:42.766039
U007973,281,1,847.42,2025-02-07 14:08:38.318136
U007975,505,1,168.5,2024-06-28 01:34:58.103077
U007977,193,2,788.5,2025-05-06 00:57:37.393287
U007978,336,2,789.06,2024-12-14 07:16:28.776358
U007980,18,1,40.72,2025-10-28 13:00:25.555628
U007982,486,2,372.64,2024-07-17 04:09:42.693323
U007987,555,1,1714.89,2024-05-09 19:23:29.163082
U007989,658,1,299.66,2024-01-27 07:23:04.422278
U007991,463,1,306.88,2024-08-09 12:18:41.770271
U007992,643,1,399.3,2024-02-11 08:54:38.811355
U007993,220,1,181.15,2025-04-09 22:09:57.063964
U007996,377,2,448.1,2024-11-03 14:22:14.265690
U007997,632,1,577.85,2024-02-22 09:59:51.289366
U007998,289,1,1385.96,2025-01-30 22:24:50.438709
U008000,515,1,351.48,2024-06-18 14:06:29.747437
U008001,49,1,210.96,2025-09-27 05:28:55.046531
U008002,458,1,85.14,2024-08-14 22:25:58.813851
U008004,149,1,939.56,2025-06-19 22:13:49.142540
U008005,303,2,1700.22,2025-01-16 18:34:17.331686
U008006,99,2,426.97,2025-08-08 21:36:39.210777
U008011,205,1,1170.57,2025-04-24 16:37:02.247882
U008012,499,2,1021.65,2024-07-04 06:48:49.509571
U008013,347,1,41.44,2024-12-03 22:45:33.426008
U008014,47,3,340.53,2025-09-29 12:25:30.094724
U008015,408,1,54.74,2024-10-03 16:42:44.193370
U008017,382,2,237.07,2024-10-29 13:27:41.599353
U008022,143,1,732.9,2025-06-25 05:08:20.860284
U008023,146,2,664.2,2025-06-22 01:12:47.654865
U008024,470,1,968.19,2024-08-02 07:10:54.656052
U008025,284,1,247.84,2025-02-04 10:11:32.435082
U008027,366,1,173.97,2024-11-14 08:29:46.323699
U008029,519,1,31.32,2024-06-14 01:51:48.223144
U008032,191,2,671.09,2025-05-08 09:32:17.222885
U008033,105,2,3647.57,2025-08-02 22:42:22.538511
U008035,6,4,3677.83,2025-11-09 17:43:01.367819
U008036,247,1,110.88,2025-03-13 03:27:59.079931
U008037,306,1,3437.44,2025-01-13 05:06:20.229969
U008038,63,1,519.42,2025-09-13 14:08:44.766282
U008042,653,1,141.53,2024-02-01 12:11:28.069693
U008044,44,1,643.14,2025-10-02 11:04:24.955359
U008048,84,1,918.24,2025-08-23 06:49:51.637835
U008050,249,2,298.77,2025-03-11 16:43:53.806614
U008051,242,1,257.35,2025-03-18 22:57:38.628662
U008053,126,1,56.87,2025-07-12 07:38:24.924249
U008054,77,3,1840.21,2025-08-30 15:39:54.177982
U008055,41,2,1216.63,2025-10-05 23:47:52.844465
U008056,633,1,87.88,2024-02-21 15:59:01.038854
U008057,653,1,229.32,2024-02-01 08:05:23.303139
U008058,153,4,3331.23,2025-06-15 14:43:56.588276
U008059,316,3,540.38,2025-01-03 08:58:07.839035
U008062,613,1,402.72,2024-03-12 23:50:18.880389
U008063,42,2,2704.64,2025-10-04 21:20:44.924437
U008066,72,2,682.92,2025-09-04 09:55:50.710145
U008068,640,2,275.05,2024-02-14 14:30:53.878095
U008072,268,2,461.96,2025-02-20 11:56:08.954590
U008073,12,1,1105.8,2025-11-03 11:34:48.983116
U008074,140,1,1573.59,2025-06-28 21:54:57.984351
U008077,391,1,195.44,2024-10-20 09:47:41.430290
U008078,546,1,119.52,2024-05-18 19:20:17.320745
U008079,425,1,3913.83,2024-09-16 21:36:39.630615
U008080,605,1,1563.08,2024-03-20 05:03:49.273267
U008081,147,1,294.72,2025-06-21 16:21:19.226875
U008082,23,3,452.72,2025-10-23 17:54:53.051047
U008083,9,1,67.57,2025-11-06 04:21:18.387960
U008085,92,3,3081.04,2025-08-15 03:46:19.864330
U008086,42,1,597.03,2025-10-04 15:22:48.366490
U008087,101,2,709.34,2025-08-06 17:56:53.330903
U008088,313,3,4260.39,2025-01-06 00:46:36.227977
U008089,232,1,189.35,2025-03-28 08:35:56.018152
U008090,278,1,81.17,2025-02-10 09:40:45.475913
U008091,468,1,123.72,2024-08-04 07:31:09.385776
U008092,469,3,2116.74,2024-08-03 14:49:38.858122
U008094,509,1,377.23,2024-06-24 18:21:56.514111
U008095,144,3,2217.27,2025-06-24 21:43:43.806189
U008096,61,1,552.77,2025-09-15 10:51:10.853025
U008097,458,1,178.31,2024-08-14 19:53:02.041397
U008103,504,1,1286.75,2024-06-29 23:43:21.393153
U008104,364,1,771.19,2024-11-16 05:44:04.933376
U008106,155,1,57.46,2025-06-13 04:59:40.447689
U008107,504,1,347.86,2024-06-29 13:53:10.895849
U008109,682,1,20.06,2024-01-03 14:49:37.080006
U008110,246,1,19.09,2025-03-14 11:18:00.789075
U008113,468,2,2151.72,2024-08-04 06:28:34.610615
U008114,170,1,48.72,2025-05-29 17:49:45.676099
U008123,555,1,2244.92,2024-05-09 08:05:01.292413
U008124,47,1,460.66,2025-09-29 16:41:26.141268
U008127,574,1,2286.15,2024-04-20 14:17:27.478153
U008132,513,1,1182.86,2024-06-20 11:17:16.087234
U008133,95,1,725.56,2025-08-12 02:42:00.400656
U008134,5,2,1202.2,2025-11-10 09:16:20.257924
U008135,145,1,18.0,2025-06-23 01:41:32.604939
U008136,117,1,638.66,2025-07-21 08:23:48.420981
U008138,457,1,1650.61,2024-08-15 09:47:35.167681
U008140,110,2,153.7,2025-07-28 18:18:52.378223
U008145,578,1,19.09,2024-04-16 21:26:47.993962
U008146,460,1,260.02,2024-08-12 22:35:35.482074
U008147,474,1,153.71,2024-07-29 19:34:10.652556
U008148,146,2,813.59,2025-06-22 04:54:28.313120
U008149,390,1,217.28,2024-10-21 21:48:57.791534
U008150,617,1,559.2,2024-03-08 21:54:18.775073
U008152,623,1,2731.04,2024-03-02 09:45:16.858141
U008153,37,1,79.47,2025-10-09 02:16:24.134576
U008154,430,1,124.31,2024-09-11 19:42:08.612716
U008159,168,3,2465.68,2025-05-31 10:47:01.442024
U008162,173,1,119.4,2025-05-26 15:53:51.488813
U008163,548,2,684.09,2024-05-16 00:42:59.223179
U008165,452,1,126.29,2024-08-20 10:32:35.230403
U008166,88,1,162.43,2025-08-19 23:55:56.853979
U008168,616,1,178.77,2024-03-09 22:48:42.248393
U008171,242,3,302.2,2025-03-18 18:07:46.109675
U008173,380,1,797.97,2024-10-31 03:24:04.110838
U008176,492,1,719.07,2024-07-11 03:52:43.137351
U008178,303,1,976.45,2025-01-16 06:11:39.595506
U008179,338,3,1937.44,2024-12-12 08:39:13.934890
U008181,27,1,283.74,2025-10-19 16:36:35.421990
U008182,33,2,694.16,2025-10-13 12:46:52.927099
U008183,128,1,361.46,2025-07-10 01:34:40.409450
U008184,23,3,4513.45,2025-10-23 09:51:42.546305
U008185,357,2,1936.77,2024-11-23 19:09:30.529339
U008188,475,1,881.43,2024-07-28 18:32:13.414552
U008189,107,2,472.57,2025-07-31 22:22:18.948079
U008190,573,1,264.67,2024-04-21 11:41:53.257829
U008192,469,1,151.5,2024-08-03 01:38:57.007488
U008197,13,2,1153.71,2025-11-02 06:13:08.843079
U008198,121,1,27.08,2025-07-17 14:39:57.987166
U008200,323,1,2202.0,2024-12-27 23:44:28.451556
U008202,109,1,33.04,2025-07-29 13:04:23.633006
U008203,34,1,81.57,2025-10-12 00:20:20.108693
U008206,112,2,1149.97,2025-07-26 01:38:14.955129
U008207,152,2,700.0,2025-06-16 14:58:07.716865
U008209,127,2,1220.72,2025-07-11 06:28:05.361691
U008212,36,1,3803.31,2025-10-10 11:06:52.373046
U008213,226,1,1185.73,2025-04-03 01:39:14.702908
U008215,471,1,54.42,2024-08-01 02:21:09.375632
U008218,243,2,758.48,2025-03-17 10:14:44.828058
U008222,264,1,1801.19,2025-02-24 11:51:35.748116
U008223,222,2,596.97,2025-04-07 22:50:59.098506
U008226,615,2,1070.61,2024-03-10 21:36:57.772628
U008227,570,1,1323.25,2024-04-24 15:24:21.307940
U008230,23,2,82.14,2025-10-23 03:09:24.953194
U008232,23,1,649.82,2025-10-23 10:06:56.857480
U008233,438,1,51.46,2024-09-03 01:30:49.490660
U008234,112,1,336.06,2025-07-26 07:59:18.856393
U008236,20,3,2778.72,2025-10-26 08:09:21.514490
U008239,355,2,317.66,2024-11-25 08:32:55.576557
U008240,587,1,78.3,2024-04-07 14:37:15.918809
U008246,492,1,541.43,2024-07-11 22:01:27.297496
U008248,432,1,867.49,2024-09-09 09:22:57.492100
U008251,25,2,86.5,2025-10-21 10:57:10.852386
U008253,614,2,3984.76,2024-03-11 07:42:44.226363
U008254,7,1,1315.93,2025-11-08 11:07:39.157197
U008255,223,1,26.74,2025-04-06 04:19:00.476543
U008256,72,3,485.72,2025-09-04 15:17:41.902678
U008257,210,2,450.11,2025-04-19 05:23:42.435269
U008258,622,1,96.56,2024-03-03 21:31:52.497490
U008263,55,1,246.47,2025-09-21 18:28:09.443469
U008264,208,2,2879.77,2025-04-21 22:28:49.192034
U008265,674,1,538.42,2024-01-11 07:38:44.461101
U008266,68,1,376.31,2025-09-08 03:31:06.163419
U008267,64,4,1403.57,2025-09-12 16:41:30.023799
U008268,512,2,764.7,2024-06-21 22:08:31.463267
U008269,261,2,1860.4,2025-02-27 03:38:35.897378
U008272,530,1,1841.22,2024-06-03 02:23:17.024577
U008273,530,1,73.9,2024-06-03 03:21:10.232711
U008275,216,2,1443.68,2025-04-13 08:46:45.788980
U008276,11,2,559.21,2025-11-04 08:13:38.852923
U008280,235,1,150.71,2025-03-25 06:52:44.429048
U008281,654,1,142.94,2024-01-31 14:47:50.267647
U008282,240,2,85.03,2025-03-20 05:24:29.276874
U008284,19,1,1377.7,2025-10-27 04:39:41.371197
U008285,375,1,201.36,2024-11-05 02:37:06.806452
U008286,644,1,260.01,2024-02-10 18:45:29.583059
U008288,425,1,229.2,2024-09-16 15:21:20.887654
U008289,564,1,395.89,2024-04-30 05:57:13.232409
U008290,11,2,1654.69,2025-11-04 05:31:17.418623
U008292,257,1,278.42,2025-03-03 08:51:44.836814
U008294,241,2,182.33,2025-03-19 17:55:34.720339
U008295,442,2,481.09,2024-08-30 00:33:55.060638
U008297,393,1,305.16,2024-10-18 11:24:35.231110
U008299,382,1,1981.42,2024-10-29 04:29:27.387087
U008302,565,1,697.0,2024-04-29 10:06:21.211661
U008304,530,1,132.22,2024-06-03 13:36:36.167754
U008307,671,1,276.47,2024-01-14 18:20:35.114536
U008308,377,1,242.79,2024-11-03 22:11:01.292133
U008312,411,1,12.42,2024-09-30 01:09:25.538828
U008313,262,2,102.69,2025-02-26 02:55:54.596918
U008314,591,1,104.09,2024-04-03 21:14:54.634486
U008315,247,1,45.11,2025-03-13 08:25:52.201093
U008317,446,1,380.78,2024-08-26 16:17:59.186077
U008319,620,1,1842.0,2024-03-05 08:08:13.073154
U008320,628,1,53.16,2024-02-26 21:47:04.804839
U008323,229,1,163.19,2025-03-31 10:27:25.995923
U008324,344,1,484.13,2024-12-06 08:37:26.264826
U008326,671,1,554.7,2024-01-14 09:28:46.097569
U008328,29,1,312.62,2025-10-17 00:41:21.889120
U008329,492,1,9.74,2024-07-11 16:59:13.860938
U008330,410,1,1584.58,2024-10-01 06:28:47.571732
U008331,310,2,243.81,2025-01-09 01:18:40.169163
U008333,518,2,930.54,2024-06-15 20:00:25.685477
U008335,94,1,208.75,2025-08-13 18:43:06.290183
U008337,588,1,321.48,2024-04-06 23:54:25.485926
U008338,230,1,217.26,2025-03-30 03:17:02.065428
U008339,160,1,631.61,2025-06-08 13:14:28.101279
U008340,156,2,1569.55,2025-06-12 17:16:59.155736
U008342,87,1,465.6,2025-08-20 02:40:26.321715
U008343,316,1,565.18,2025-01-03 18:48:48.350042
U008344,252,2,733.51,2025-03-08 10:45:26.109158
U008345,141,5,1212.5,2025-06-27 08:46:07.084689
U008346,617,1,168.83,2024-03-08 16:37:44.926381
U008347,335,2,243.53,2024-12-15 21:29:38.252374
U008350,100,1,2872.53,2025-08-07 21:35:10.730607
U008351,326,1,401.29,2024-12-24 05:00:08.743675
U008352,250,1,255.97,2025-03-10 08:19:20.103412
U008354,378,2,383.95,2024-11-02 19:20:53.343354
U008355,173,2,4235.55,2025-05-26 19:43:11.768296
U008356,524,1,511.34,2024-06-09 11:53:18.203210
U008357,115,1,35.41,2025-07-23 00:13:47.390219
U008358,497,1,769.56,2024-07-06 01:10:40.162211
U008359,288,1,49.87,2025-01-31 05:47:28.802015
U008361,318,1,481.16,2025-01-01 09:21:01.967800
U008362,536,1,275.36,2024-05-28 23:54:36.214819
U008363,83,1,59.55,2025-08-24 21:20:49.000999
U008364,338,2,706.51,2024-12-12 04:29:15.005044
U008365,9,2,593.9,2025-11-06 00:25:10.606116
U008366,303,1,83.76,2025-01-16 07:24:56.876382
U008369,9,1,956.61,2025-11-06 19:37:25.931709
U008370,203,1,4023.22,2025-04-26 04:35:57.029903
U008372,451,1,350.65,2024-08-21 08:40:04.992135
U008373,110,3,1777.44,2025-07-28 04:14:36.434495
U008374,585,1,87.54,2024-04-09 12:50:41.153957
U008376,546,2,4194.01,2024-05-18 19:22:02.765671
U008377,473,1,2193.24,2024-07-30 10:24:52.443760
U008378,238,2,1516.31,2025-03-22 07:56:02.534394
U008381,624,1,563.27,2024-03-01 10:32:37.017225
U008383,131,1,211.61,2025-07-07 03:20:20.137460
U008388,54,1,318.23,2025-09-22 00:40:23.038834
U008390,331,1,597.59,2024-12-19 16:39:09.229873
U008391,290,1,260.17,2025-01-29 23:54:34.044424
U008392,89,1,328.76,2025-08-18 13:17:02.547947
U008394,150,1,51.46,2025-06-18 03:18:42.350953
U008395,173,1,213.15,2025-05-26 22:26:41.750330
U008397,294,1,162.89,2025-01-25 10:46:26.185905
U008398,7,2,921.85,2025-11-08 01:06:42.819292
U008401,315,1,884.41,2025-01-04 16:44:46.028484
U008403,33,2,727.43,2025-10-13 19:16:03.661665
U008406,600,1,119.08,2024-03-25 00:51:43.548722
U008408,257,2,1188.18,2025-03-03 10:21:04.159327
U008409,622,1,318.64,2024-03-03 03:42:53.174665
U008412,624,1,1340.76,2024-03-01 07:57:19.028692
U008413,503,2,926.65,2024-06-30 14:36:49.745579
U008417,671,1,149.02,2024-01-14 08:18:53.411804
U008418,131,1,688.21,2025-07-07 14:18:29.794952
U008420,220,2,2540.28,2025-04-09 12:06:39.120380
U008421,405,1,899.79,2024-10-06 17:41:47.427627
U008422,297,2,923.57,2025-01-22 18:49:54.268280
U008426,537,1,1494.33,2024-05-27 09:38:57.662750
U008428,259,3,1623.28,2025-03-01 10:18:44.143388
U008431,13,2,268.13,2025-11-02 19:03:55.773296
U008435,21,3,601.1,2025-10-25 07:32:55.759827
U008438,291,1,1648.14,2025-01-28 17:57:47.991576
U008440,506,1,2656.92,2024-06-27 17:06:43.409847
U008441,11,2,1121.97,2025-11-04 04:27:56.840694
U008442,281,1,135.6,2025-02-07 11:44:10.198943
U008449,173,1,222.12,2025-05-26 23:44:41.739837
U008450,269,1,543.7,2025-02-19 10:24:59.765365
U008452,149,1,243.03,2025-06-19 12:34:44.892814
U008454,603,1,704.13,2024-03-22 20:58:09.811302
U008457,526,1,228.98,2024-06-07 01:14:06.267362
U008459,398,1,610.0,2024-10-13 22:30:32.557107
U008462,258,1,81.42,2025-03-02 18:51:10.957720
U008463,93,1,1490.27,2025-08-14 04:44:06.970677
U008464,78,1,1504.61,2025-08-29 09:48:23.104599
U008465,22,4,4883.26,2025-10-24 23:02:36.396142
U008466,108,1,409.61,2025-07-30 09:51:38.394190
U008467,429,2,535.31,2024-09-12 16:12:28.389586
U008469,602,1,1766.12,2024-03-23 19:21:01.240686
U008471,489,1,318.51,2024-07-14 09:32:44.540021
U008472,334,1,262.34,2024-12-16 09:46:17.688597
U008476,45,2,2991.39,2025-10-01 04:27:37.714589
U008477,421,1,1772.36,2024-09-20 19:34:39.201517
U008478,484,1,3.42,2024-07-19 14:10:44.604352
U008479,54,1,244.67,2025-09-22 09:46:52.675069
U008480,11,3,2748.87,2025-11-04 15:01:49.297558
U008481,58,1,1072.76,2025-09-18 11:59:27.059023
U008484,150,2,206.51,2025-06-18 13:05:30.749190
U008485,100,1,487.22,2025-08-07 09:26:06.622247
U008488,226,1,2752.62,2025-04-03 10:32:49.434068
U008489,513,1,221.04,2024-06-20 20:56:12.916547
U008490,35,1,3584.82,2025-10-11 23:59:20.623967
U008491,105,2,866.33,2025-08-02 23:04:52.593143
U008492,666,1,284.69,2024-01-19 20:07:47.474221
U008494,258,2,1194.76,2025-03-02 08:14:59.578516
U008496,274,1,52.18,2025-02-14 23:02:30.770781
U008498,287,1,736.51,2025-02-01 00:24:32.530937
U008501,314,2,982.26,2025-01-05 00:02:18.792646
U008502,615,1,272.57,2024-03-10 16:51:05.690910
U008504,571,1,239.49,2024-04-23 03:22:25.236148
U008507,169,1,82.4,2025-05-30 07:58:25.575427
U008509,132,1,1155.57,2025-07-06 18:17:18.696806
U008510,382,1,217.37,2024-10-29 16:27:09.974240
U008511,501,1,327.15,2024-07-02 08:51:57.677013
U008512,103,1,1933.47,2025-08-04 07:59:48.543903
U008513,674,1,492.02,2024-01-11 04:49:47.317493
U008514,566,1,235.7,2024-04-28 08:53:51.642957
U008517,460,1,461.08,2024-08-12 23:01:43.839265
U008518,7,2,785.22,2025-11-08 01:31:06.611485
U008519,148,1,39.15,2025-06-20 13:37:48.864319
U008520,192,1,2681.52,2025-05-07 10:43:53.115571
U008524,400,1,306.12,2024-10-11 08:38:37.738732
U008526,658,1,80.33,2024-01-27 22:29:58.561025
U008528,542,1,124.31,2024-05-22 03:25:29.174679
U008529,235,1,241.98,2025-03-25 23:27:24.340944
U008530,131,1,36.52,2025-07-07 14:12:57.054961
U008531,177,1,290.28,2025-05-22 13:23:21.121985
U008532,179,2,817.23,2025-05-20 21:59:06.615607
U008533,593,2,618.56,2024-04-01 21:20:05.731561
U008534,156,2,801.77,2025-06-12 19:43:10.250598
U008535,45,1,694.93,2025-10-01 18:21:53.132758
U008538,581,1,51.04,2024-04-13 08:50:41.103114
U008540,97,3,3239.31,2025-08-10 08:45:14.189012
U008541,386,2,1165.93,2024-10-25 20:05:13.406436
U008542,159,1,57.65,2025-06-09 06:06:36.494868
U008543,254,1,108.97,2025-03-06 17:55:56.050483
U008546,379,2,312.58,2024-11-01 18:17:22.395789
U008549,508,1,62.45,2024-06-25 10:15:08.838863
U008550,384,2,2988.0,2024-10-27 13:04:04.167793
U008552,461,2,305.43,2024-08-11 14:58:40.263606
U008553,386,1,541.83,2024-10-25 20:10:12.131989
U008557,112,1,535.19,2025-07-26 11:24:59.857873
U008559,271,1,42.4,2025-02-17 11:31:55.736763
U008561,384,2,1461.72,2024-10-27 20:36:47.604354
U008562,662,1,50.01,2024-01-23 17:20:48.528793
U008565,270,2,3968.18,2025-02-18 07:52:45.435260
U008569,477,1,1323.12,2024-07-26 08:39:53.325649
U008570,528,1,226.12,2024-06-05 00:14:34.899292
U008573,131,2,370.99,2025-07-07 12:47:56.090782
U008574,136,2,3648.28,2025-07-02 20:13:08.241457
U008577,329,2,282.53,2024-12-21 16:02:42.343355
U008580,318,1,763.65,2025-01-01 23:10:49.131356
U008581,176,1,510.98,2025-05-23 06:33:14.627093
U008582,271,1,495.1,2025-02-17 06:11:54.895488
U008583,467,1,263.8,2024-08-05 07:52:01.684153
U008584,56,1,236.97,2025-09-20 08:27:27.381516
U008588,32,2,2553.55,2025-10-14 18:38:05.652863
U008589,46,1,1364.43,2025-09-30 16:36:56.124566
U008591,440,1,119.52,2024-09-01 08:23:10.544898
U008593,630,1,1371.52,2024-02-24 10:58:48.899478
U008598,98,2,1107.68,2025-08-09 03:09:45.632603
U008599,195,2,899.83,2025-05-04 13:50:45.572103
U008600,157,2,154.98,2025-06-11 02:38:55.150288
U008601,199,2,608.29,2025-04-30 17:28:09.250546
U008603,618,1,2566.81,2024-03-07 18:03:22.711591
U008605,616,1,78.36,2024-03-09 16:22:25.934820
U008607,184,1,214.4,2025-05-15 20:57:43.780794
U008608,37,2,69.9,2025-10-09 02:16:04.019417
U008609,365,1,133.96,2024-11-15 07:19:09.098886
U008610,429,1,2179.23,2024-09-12 14:20:12.826068
U008611,436,1,422.43,2024-09-05 21:52:15.666926
U008614,55,2,3042.31,2025-09-21 08:05:07.458157
U008615,331,1,636.34,2024-12-19 13:44:38.289058
U008617,500,1,259.77,2024-07-03 02:53:13.071386
U008621,9,2,261.86,2025-11-06 10:56:40.562956
U008624,247,1,82.4,2025-03-13 11:49:40.448993
U008626,169,1,386.09,2025-05-30 22:07:19.929685
U008627,446,1,21.36,2024-08-26 23:17:26.547809
U008628,339,2,428.6,2024-12-11 00:17:03.469204
U008635,56,3,945.48,2025-09-20 22:53:54.535507
U008637,403,1,1391.14,2024-10-08 18:28:21.606038
U008638,217,1,561.49,2025-04-12 06:31:16.472569
U008639,448,1,29.52,2024-08-24 12:22:42.461204
U008641,669,1,952.63,2024-01-16 09:44:12.516821
U008643,175,2,351.0,2025-05-24 19:32:08.021962
U008644,336,1,317.34,2024-12-14 14:10:37.687790
U008645,606,1,1133.71,2024-03-19 04:07:22.141521
U008646,463,2,1930.58,2024-08-09 21:59:40.129982
U008649,358,1,38.54,2024-11-22 05:47:08.628620
U008652,352,2,1844.36,2024-11-28 16:08:20.465983
U008655,601,1,110.72,2024-03-24 03:00:41.722155
U008656,476,2,1544.8,2024-07-27 20:47:47.232949
U008659,99,1,47.55,2025-08-08 06:30:11.549811
U008660,576,1,243.31,2024-04-18 19:07:35.363721
U008661,494,1,3087.33,2024-07-09 16:57:33.172626
U008665,483,1,614.34,2024-07-20 20:31:28.997466
U008669,159,1,78.74,2025-06-09 18:18:51.593158
U008671,510,1,407.44,2024-06-23 07:40:03.226159
U008673,195,1,88.96,2025-05-04 23:46:35.299243
U008674,39,4,1043.45,2025-10-07 06:41:08.369237
U008676,191,1,1209.24,2025-05-08 07:19:39.215988
U008677,7,2,700.59,2025-11-08 18:48:07.621662
U008678,92,2,721.02,2025-08-15 15:30:59.250183
U008679,224,1,262.38,2025-04-05 09:09:36.156399
U008682,189,1,1217.06,2025-05-10 14:05:07.937914
U008684,651,1,1873.93,2024-02-03 17:02:23.970718
U008685,74,3,2798.42,2025-09-02 09:13:32.918139
U008686,456,1,1862.71,2024-08-16 06:50:24.730375
U008690,156,1,51.8,2025-06-12 20:45:42.385170
U008691,481,2,464.67,2024-07-22 06:28:46.552867
U008692,371,1,61.81,2024-11-09 07:18:24.568804
U008693,57,2,1549.69,2025-09-19 20:48:17.132960
U008694,263,3,196.82,2025-02-25 01:26:53.987128
U008699,540,1,344.26,2024-05-24 04:03:55.076700
U008702,492,2,903.79,2024-07-11 14:33:27.418438
U008706,355,1,29.34,2024-11-25 10:10:09.905591
U008707,612,1,297.47,2024-03-13 11:44:11.555666
U008709,227,1,320.2,2025-04-02 13:11:58.766329
U008710,191,2,953.34,2025-05-08 10:26:12.921700
U008712,231,2,491.78,2025-03-29 03:56:00.578767
U008714,91,2,871.06,2025-08-16 19:59:15.570855
U008716,637,1,97.29,2024-02-17 12:11:13.997136
U008717,108,1,116.32,2025-07-30 01:24:19.763965
U008720,343,2,2720.36,2024-12-07 00:44:17.563077
U008721,107,4,1687.04,2025-07-31 05:42:14.609598
U008722,139,2,1042.8,2025-06-29 18:31:07.534476
U008723,418,1,2370.71,2024-09-23 08:30:47.211185
U008724,150,4,1533.17,2025-06-18 17:35:03.117657
U008725,100,2,1633.1,2025-08-07 06:17:31.891220
U008727,249,3,1033.64,2025-03-11 21:25:57.733510
U008728,19,2,2084.15,2025-10-27 10:19:03.204005
U008730,490,1,1129.23,2024-07-13 13:43:17.112924
U008731,21,2,300.27,2025-10-25 18:34:34.524297
U008732,294,1,47.03,2025-01-25 20:03:02.568064
U008733,40,3,1694.35,2025-10-06 20:12:23.383111
U008734,593,1,189.79,2024-04-01 16:01:59.356071
U008737,208,2,800.07,2025-04-21 05:13:41.468828
U008739,143,1,288.71,2025-06-25 13:18:59.270928
U008741,133,2,666.75,2025-07-05 11:51:03.723704
U008742,52,2,1407.46,2025-09-24 23:59:29.701731
U008743,80,3,848.37,2025-08-27 04:10:39.154265
U008747,207,2,64.63,2025-04-22 02:40:14.262244
U008748,383,1,807.23,2024-10-28 10:32:05.375254
U008749,71,2,371.77,2025-09-05 23:32:14.396974
U008751,168,2,1441.58,2025-05-31 05:05:38.742469
U008752,139,2,1013.95,2025-06-29 12:14:40.680969
U008755,656,1,426.88,2024-01-29 06:55:39.441431
U008757,457,1,218.74,2024-08-15 20:49:44.208093
U008759,88,2,99.04,2025-08-19 23:01:10.902182
U008765,52,1,1093.37,2025-09-24 04:11:29.043605
U008766,206,1,419.79,2025-04-23 18:07:30.616401
U008767,637,1,43.85,2024-02-17 01:39:30.271515
U008768,72,1,24.99,2025-09-04 19:52:11.844436
U008770,577,2,3846.36,2024-04-17 04:47:10.643021
U008771,289,2,1000.57,2025-01-30 01:00:56.959930
U008773,456,1,1718.01,2024-08-16 08:44:51.769975
U008774,330,2,681.84,2024-12-20 19:10:31.348843
U008775,159,3,1105.96,2025-06-09 19:59:34.253897
U008777,659,1,797.94,2024-01-26 09:43:19.311497
U008779,277,1,156.38,2025-02-11 13:11:10.572551
U008780,378,2,1892.56,2024-11-02 17:33:59.439078
U008781,84,2,645.55,2025-08-23 23:52:12.399639
U008784,13,2,3256.72,2025-11-02 06:58:37.442740
U008785,258,2,4149.5,2025-03-02 16:06:17.230640
U008786,360,1,322.32,2024-11-20 03:53:04.361910
U008788,119,2,1806.3,2025-07-19 07:01:29.545066
U008790,138,1,97.63,2025-06-30 05:27:22.949318
U008791,106,1,460.08,2025-08-01 22:13:37.522420
U008792,3,1,71.72,2025-11-12 18:33:54.260368
U008794,108,2,1095.4,2025-07-30 12:29:05.093677
U008796,79,1,100.63,2025-08-28 10:53:07.918499
U008797,331,1,46.81,2024-12-19 17:00:51.572203
U008799,2,1,651.7,2025-11-13 12:59:37.409601
U008800,594,1,830.73,2024-03-31 06:15:13.191608
U008802,654,1,391.67,2024-01-31 07:19:17.687551
U008803,429,1,566.69,2024-09-12 09:32:51.297687
U008806,349,2,1188.54,2024-12-01 00:41:42.359914
U008807,122,1,103.35,2025-07-16 15:16:51.034179
U008810,565,1,66.98,2024-04-29 18:55:23.027929
U008813,578,1,192.66,2024-04-16 20:33:53.129429
U008815,301,1,243.26,2025-01-18 03:05:20.186766
U008816,302,2,379.45,2025-01-17 11:38:08.550384
U008818,622,1,602.52,2024-03-03 06:22:52.667683
U008819,420,1,219.5,2024-09-21 01:51:58.855124
U008820,620,1,176.98,2024-03-05 16:11:49.432991
U008821,52,3,307.43,2025-09-24 21:40:50.683135
U008823,9,2,1472.66,2025-11-06 22:06:06.347372
U008824,609,1,494.66,2024-03-16 20:28:55.583471
U008825,315,1,28.41,2025-01-04 23:27:40.358172
U008826,164,1,362.24,2025-06-04 12:47:33.979020
U008827,447,1,479.28,2024-08-25 16:29:12.969636
U008828,609,1,201.3,2024-03-16 18:58:29.471121
U008829,671,1,409.61,2024-01-14 06:28:30.947367
U008835,159,1,150.01,2025-06-09 09:31:49.605867
U008841,147,1,446.39,2025-06-21 14:09:29.550581
U008843,192,1,2608.78,2025-05-07 11:04:08.228629
U008848,65,2,1337.6,2025-09-11 21:49:53.139224
U008849,546,1,609.78,2024-05-18 15:34:05.506532
U008850,532,3,638.41,2024-06-01 22:26:05.311636
U008851,329,1,1075.4,2024-12-21 22:00:57.076478
U008852,581,1,65.24,2024-04-13 01:23:46.383705
U008853,254,1,123.89,2025-03-06 06:36:56.269274
U008854,309,1,1942.9,2025-01-10 23:01:43.586018
U008855,191,1,250.41,2025-05-08 08:38:19.375787
U008859,180,2,55.63,2025-05-19 17:27:40.401850
U008861,254,1,134.24,2025-03-06 07:41:56.238850
U008862,151,2,624.51,2025-06-17 04:03:57.915020
U008863,178,2,316.72,2025-05-21 18:10:16.883893
U008864,17,1,474.82,2025-10-29 13:07:50.064997
U008865,552,1,1283.45,2024-05-12 09:43:51.311872
U008868,124,3,1770.87,2025-07-14 03:34:48.170678
U008869,307,2,470.97,2025-01-12 15:59:49.770822
U008870,270,1,1162.6,2025-02-18 10:25:16.200653
U008872,404,1,1946.67,2024-10-07 12:00:13.343667
U008874,529,1,236.7,2024-06-04 07:41:09.884857
U008875,83,1,175.44,2025-08-24 18:41:51.870621
U008876,25,1,208.92,2025-10-21 16:38:10.961251
U008877,37,2,735.79,2025-10-09 04:49:06.495893
U008881,369,1,299.8,2024-11-11 02:44:03.086447
U008882,458,1,164.91,2024-08-14 17:59:52.580136
U008883,360,3,402.51,2024-11-20 12:54:27.857347
U008884,307,2,287.64,2025-01-12 01:42:03.115930
U008885,230,1,1623.0,2025-03-30 03:53:30.510283
U008886,285,1,66.67,2025-02-03 19:46:48.718198
U008887,239,2,2825.91,2025-03-21 23:17:53.378130
U008889,20,1,8.89,2025-10-26 12:22:54.136672
U008892,280,1,2232.17,2025-02-08 09:26:49.931708
U008894,340,1,627.99,2024-12-10 06:07:32.554040
U008895,340,2,357.46,2024-12-10 07:27:23.323356
U008900,3,1,299.58,2025-11-12 14:15:24.401629
U008902,676,1,2962.65,2024-01-09 10:30:09.916260
U008913,132,1,3305.94,2025-07-06 20:03:28.524167
U008915,117,1,247.13,2025-07-21 00:43:21.400235
U008916,407,3,400.22,2024-10-04 07:33:32.140996
U008917,107,2,363.77,2025-07-31 02:38:29.574224
U008919,321,1,1988.4,2024-12-29 14:08:23.259683
U008923,295,1,1276.34,2025-01-24 02:01:19.948060
U008924,62,2,96.54,2025-09-14 13:22:13.760854
U008925,343,2,2906.04,2024-12-07 15:18:53.340573
U008926,603,1,186.48,2024-03-22 15:33:10.190037
U008930,460,1,798.6,2024-08-12 14:31:28.612647
U008936,219,1,1605.25,2025-04-10 04:57:15.101234
U008938,50,1,205.16,2025-09-26 15:07:30.477043
U008939,27,3,1485.77,2025-10-19 07:32:39.064010
U008943,505,2,333.97,2024-06-28 07:55:28.206590
U008944,518,1,204.45,2024-06-15 05:52:45.504837
U008949,186,1,806.28,2025-05-13 06:34:20.903005
U008952,464,1,398.4,2024-08-08 19:02:22.305216
U008953,217,1,2653.11,2025-04-12 08:30:04.608525
U008954,30,1,660.72,2025-10-16 19:38:44.748217
U008955,69,1,42.45,2025-09-07 18:58:25.974868
U008956,520,1,661.69,2024-06-13 15:57:17.416737
U008957,123,2,2511.29,2025-07-15 11:21:33.446357
U008958,317,1,363.09,2025-01-02 22:22:18.330334
U008959,322,1,91.43,2024-12-28 03:36:04.477927
U008960,505,1,77.11,2024-06-28 21:29:30.507220
U008962,364,1,48.72,2024-11-16 06:08:48.861501
U008963,127,1,200.32,2025-07-11 21:57:54.510813
U008964,233,1,175.38,2025-03-27 09:29:54.470859
U008965,581,1,2168.79,2024-04-13 01:26:34.703115
U008966,557,1,521.0,2024-05-07 02:03:33.910719
U008968,38,1,938.25,2025-10-08 09:12:04.148403
U008971,50,1,16.14,2025-09-26 14:16:06.125234
U008972,36,1,520.39,2025-10-10 07:04:50.653360
U008973,209,1,590.1,2025-04-20 10:48:29.004478
U008974,506,1,835.25,2024-06-27 07:27:04.349436
U008975,428,1,76.03,2024-09-13 11:12:51.077098
U008976,247,2,550.95,2025-03-13 23:52:08.383862
U008977,165,2,1132.49,2025-06-03 04:50:15.206302
U008978,96,2,1528.87,2025-08-11 22:04:20.038830
U008979,447,1,47.75,2024-08-25 05:05:35.897514
U008980,230,2,973.19,2025-03-30 15:11:42.632451
U008981,466,1,694.64,2024-08-06 03:02:21.688364
U008982,142,1,67.28,2025-06-26 13:39:17.927253
U008983,124,1,1855.06,2025-07-14 22:21:00.594719
U008985,33,1,46.59,2025-10-13 19:13:45.623395
U008988,421,1,986.82,2024-09-20 00:14:43.972615
U008991,358,1,335.58,2024-11-22 02:53:18.313933
U008992,465,1,441.61,2024-08-07 02:18:54.924690
U008994,630,2,2170.22,2024-02-24 00:26:43.309796
U008995,284,1,3169.33,2025-02-04 12:31:45.688054
U008998,253,4,1744.01,2025-03-07 21:30:01.779528
U008999,642,1,97.68,2024-02-12 09:25:04.967104
U009001,64,1,668.28,2025-09-12 05:59:15.644892
U009005,88,2,104.7,2025-08-19 22:41:26.315330
U009006,199,1,494.34,2025-04-30 17:05:50.205353
U009007,56,2,358.4,2025-09-20 07:25:11.929162
U009009,276,1,21.71,2025-02-12 05:01:57.726561
U009010,599,1,130.49,2024-03-26 19:32:51.723547
U009011,106,1,9.27,2025-08-01 20:56:37.970222
U009014,510,1,1452.85,2024-06-23 13:53:42.468945
U009016,19,1,112.61,2025-10-27 20:33:56.571102
U009018,641,2,3958.05,2024-02-13 20:36:36.783803
U009022,166,2,191.1,2025-06-02 15:47:59.420987
U009024,671,1,22.11,2024-01-14 12:38:19.966823
U009026,327,1,206.43,2024-12-23 04:34:02.106208
U009027,557,1,394.51,2024-05-07 10:06:32.148054
U009028,280,1,217.79,2025-02-08 21:20:50.303000
U009030,392,2,591.09,2024-10-19 04:07:59.974021
U009032,48,2,4071.59,2025-09-28 15:24:25.293154
U009033,278,1,1364.8,2025-02-10 11:45:50.700691
U009034,358,2,24.03,2024-11-22 15:49:12.174590
U009035,395,1,190.22,2024-10-16 08:45:41.786171
U009041,546,1,644.23,2024-05-18 20:23:46.392406
U009043,513,2,185.91,2024-06-20 10:23:37.682949
U009048,178,2,3454.23,2025-05-21 08:11:46.755936
U009049,154,3,290.48,2025-06-14 19:27:15.323072
U009050,116,1,81.68,2025-07-22 15:30:52.095240
U009051,58,1,33.02,2025-09-18 01:12:40.978642
U009052,457,1,282.23,2024-08-15 16:19:45.803755
U009055,432,2,673.98,2024-09-09 10:47:33.206559
U009056,56,1,371.83,2025-09-20 02:54:32.063470
U009057,183,1,19.09,2025-05-16 13:25:40.207841
U009059,429,1,826.84,2024-09-12 09:01:20.014443
U009060,167,2,1756.07,2025-06-01 22:45:45.548716
U009061,143,2,296.15,2025-06-25 12:56:53.237744
U009063,662,1,566.87,2024-01-23 00:47:25.781580
U009070,471,2,2595.83,2024-08-01 13:30:10.849262
U009071,173,4,1513.53,2025-05-26 11:52:52.089862
U009073,152,4,3160.61,2025-06-16 11:16:52.886224
U009076,473,1,7013.55,2024-07-30 21:54:19.628579
U009079,557,1,352.38,2024-05-07 01:14:20.187448
U009086,533,1,1204.04,2024-05-31 18:14:32.904060
U009088,312,1,40.24,2025-01-07 13:13:40.555600
U009089,47,2,1639.95,2025-09-29 05:56:35.681697
U009090,36,1,1172.24,2025-10-10 12:25:13.722377
U009091,97,1,244.71,2025-08-10 11:39:34.854016
U009094,177,4,1963.05,2025-05-22 00:55:49.132690
U009096,9,1,516.54,2025-11-06 11:31:05.167014
U009097,47,3,1728.69,2025-09-29 02:25:12.806245
U009102,255,1,29.15,2025-03-05 12:30:19.276964
U009107,507,3,397.44,2024-06-26 13:23:24.661792
U009108,89,1,1071.0,2025-08-18 19:21:00.357484
U009109,53,1,1072.83,2025-09-23 11:14:24.889037
U009112,56,1,632.0,2025-09-20 05:52:07.872403
U009114,172,1,1812.85,2025-05-27 00:47:06.148424
U009115,457,1,551.24,2024-08-15 08:42:43.511669
U009117,18,2,1833.99,2025-10-28 01:32:12.418018
U009121,393,1,8.47,2024-10-18 11:20:58.116603
U009122,444,1,538.87,2024-08-28 21:11:54.962832
U009124,74,2,608.45,2025-09-02 10:52:36.074861
U009125,323,1,763.08,2024-12-27 21:07:36.683552
U009127,597,2,4323.84,2024-03-28 05:53:28.819637
U009128,650,1,67.1,2024-02-04 16:51:25.353594
U009130,527,1,109.91,2024-06-06 15:20:26.284086
U009131,261,2,38.85,2025-02-27 03:42:52.226913
U009133,656,1,1391.35,2024-01-29 23:47:53.091374
U009140,599,1,241.09,2024-03-26 18:34:13.525226
U009141,313,1,13.54,2025-01-06 21:53:35.260755
U009143,76,2,611.15,2025-08-31 00:19:49.459111
U009147,327,1,854.45,2024-12-23 22:23:08.308317
U009149,31,2,4070.27,2025-10-15 07:26:27.364227
U009150,56,2,4518.13,2025-09-20 01:53:30.288208
U009152,478,1,61.21,2024-07-25 00:38:56.041216
U009153,674,1,104.38,2024-01-11 10:28:59.479332
U009155,263,1,254.26,2025-02-25 09:49:15.798865
U009158,495,1,2540.22,2024-07-08 02:51:46.668730
U009165,23,1,422.99,2025-10-23 20:42:01.456185
U009168,278,1,233.6,2025-02-10 19:29:38.487187
U009170,179,1,414.66,2025-05-20 05:49:35.560868
U009172,427,1,712.4,2024-09-14 14:03:13.841791
U009174,197,2,138.82,2025-05-02 13:06:28.081638
U009175,462,1,56.08,2024-08-10 03:38:42.667588
U009176,114,1,2079.99,2025-07-24 06:25:10.935151
U009177,280,1,19.08,2025-02-08 19:09:22.432593
U009179,58,2,863.26,2025-09-18 08:09:49.562487
U009180,59,1,83.52,2025-09-17 13:44:29.328442
U009181,218,1,128.22,2025-04-11 14:53:09.492444
U009182,120,3,1154.77,2025-07-18 04:46:38.987649
U009184,105,2,2803.16,2025-08-02 21:26:51.480624
U009185,587,1,750.8,2024-04-07 06:24:54.114275
U009187,26,2,221.49,2025-10-20 18:44:51.911530
U009188,225,2,638.03,2025-04-04 21:35:12.205061
U009189,119,3,3858.98,2025-07-19 20:17:52.744882
U009190,139,4,6119.55,2025-06-29 05:46:47.414513
U009192,384,2,782.97,2024-10-27 11:18:26.639430
U009193,171,2,2553.54,2025-05-28 07:41:44.844806
U009195,90,1,128.46,2025-08-17 09:51:51.044709
U009196,479,1,390.34,2024-07-24 13:22:45.957757
U009202,464,1,827.06,2024-08-08 19:43:15.302989
U009203,32,1,643.14,2025-10-14 11:46:18.497234
U009205,110,2,251.5,2025-07-28 18:15:58.134280
U009206,574,1,1363.96,2024-04-20 22:47:07.049713
U009207,236,1,492.64,2025-03-24 20:28:22.297189
U009208,396,1,56.04,2024-10-15 09:45:44.686494
U009209,190,1,288.79,2025-05-09 17:44:30.560436
U009211,70,1,624.52,2025-09-06 15:57:01.336881
U009212,432,2,1682.36,2024-09-09 08:24:36.487642
U009216,263,1,468.94,2025-02-25 01:14:45.055341
U009218,305,1,207.26,2025-01-14 23:09:00.555636
U009219,202,4,2234.59,2025-04-27 05:22:01.850458
U009220,541,1,9.98,2024-05-23 09:21:41.323459
U009221,529,1,55.42,2024-06-04 03:11:00.005608
U009222,491,1,22.55,2024-07-12 23:57:00.037414
U009224,164,1,100.76,2025-06-04 19:15:56.880624
U009229,512,1,188.01,2024-06-21 10:00:30.750926
U009232,323,2,333.48,2024-12-27 16:01:11.056473
U009233,474,1,2294.51,2024-07-29 17:37:27.970577
U009235,229,1,316.05,2025-03-31 21:04:02.152863
U009236,215,1,469.76,2025-04-14 22:37:15.691366
U009238,156,1,2042.32,2025-06-12 22:11:07.462276
U009240,62,4,835.35,2025-09-14 05:24:27.849434
U009242,65,2,1094.53,2025-09-11 17:42:03.873040
U009243,106,1,35.24,2025-08-01 05:57:20.575107
U009244,113,4,1779.59,2025-07-25 03:59:20.904679
U009246,39,1,78.45,2025-10-07 05:09:31.624135
U009249,151,2,871.82,2025-06-17 14:42:32.573005
U009251,683,1,1297.98,2024-01-02 06:05:27.732229
U009253,661,1,1226.13,2024-01-24 15:11:24.846555
U009257,431,1,1757.32,2024-09-10 11:53:39.601006
U009261,327,1,540.84,2024-12-23 00:21:51.748948
U009262,427,1,184.4,2024-09-14 15:02:55.701965
U009266,10,1,121.89,2025-11-05 11:23:13.005815
U009267,102,4,2550.17,2025-08-05 08:37:58.086145
U009268,68,1,1804.96,2025-09-08 17:38:02.188256
U009269,347,2,1387.48,2024-12-03 10:46:37.101701
U009270,138,1,2749.06,2025-06-30 09:34:20.161984
U009271,279,1,317.61,2025-02-09 15:37:04.647787
U009274,489,1,881.79,2024-07-14 22:10:23.774150
U009277,131,1,758.1,2025-07-07 21:42:31.133567
U009280,128,2,855.4,2025-07-10 14:31:28.139728
U009282,193,2,538.53,2025-05-06 09:40:46.498896
U009283,312,1,103.22,2025-01-07 23:56:05.699089
U009285,64,2,377.72,2025-09-12 04:13:19.582717
U009289,603,2,2050.98,2024-03-22 12:12:26.128308
U009290,629,1,1986.19,2024-02-25 10:48:54.841825
U009291,133,2,4181.77,2025-07-05 21:25:19.681780
U009292,420,1,985.35,2024-09-21 12:09:50.116440
U009294,139,1,1670.52,2025-06-29 01:49:38.697567
U009295,252,1,1253.29,2025-03-08 06:56:23.724288
U009297,234,1,1876.45,2025-03-26 06:00:27.344404
U009298,169,3,1000.96,2025-05-30 20:27:20.322155
U009299,268,1,135.24,2025-02-20 20:44:04.979303
U009302,315,1,252.94,2025-01-04 15:07:19.835680
U009303,637,1,266.56,2024-02-17 18:01:29.521816
U009304,184,1,1832.76,2025-05-15 05:09:32.615621
U009305,187,1,371.04,2025-05-12 12:14:29.086259
U009306,410,2,503.94,2024-10-01 21:50:26.043282
U009308,476,1,2488.16,2024-07-27 19:12:10.550720
U009313,344,3,3477.36,2024-12-06 01:36:36.393400
U009314,215,1,72.49,2025-04-14 09:38:35.016626
U009315,507,2,590.68,2024-06-26 22:58:24.313539
U009316,393,1,21.1,2024-10-18 13:08:22.736246
U009318,49,2,2728.71,2025-09-27 19:59:39.788345
U009321,379,1,1001.13,2024-11-01 06:11:55.935488
U009322,347,2,599.56,2024-12-03 07:27:37.569206
U009323,130,2,1371.34,2025-07-08 09:19:01.282702
U009326,270,2,575.33,2025-02-18 06:10:50.127125
U009330,541,1,54.61,2024-05-23 15:21:25.188864
U009331,265,1,1196.58,2025-02-23 03:55:31.745528
U009332,178,1,156.3,2025-05-21 05:58:11.301364
U009333,16,2,2392.13,2025-10-30 10:17:11.533015
U009334,464,2,1008.98,2024-08-08 12:04:50.641196
U009336,523,1,323.25,2024-06-10 12:37:19.599721
U009337,412,1,322.32,2024-09-29 16:40:14.446699
U009338,664,1,42.48,2024-01-21 19:37:43.087028
U009339,101,1,221.13,2025-08-06 01:35:46.721258
U009341,195,1,1120.76,2025-05-04 13:47:23.294848
U009343,229,2,747.47,2025-03-31 02:34:30.292948
U009347,532,2,2427.9,2024-06-01 11:52:59.131212
U009350,534,1,513.36,2024-05-30 19:36:26.991300
U009352,475,1,4090.19,2024-07-28 12:02:53.633420
U009356,164,2,3918.25,2025-06-04 21:50:45.062086
U009360,261,1,189.24,2025-02-27 10:06:32.114627
U009361,336,1,279.63,2024-12-14 21:33:40.036288
U009365,608,1,608.02,2024-03-17 15:28:03.995489
U009367,27,4,5101.28,2025-10-19 22:07:20.059200
U009368,249,3,2148.47,2025-03-11 17:54:33.318168
U009371,114,1,2394.87,2025-07-24 00:14:50.483636
U009372,269,1,322.77,2025-02-19 04:32:09.902466
U009373,317,1,110.8,2025-01-02 00:11:17.417804
U009375,194,1,489.31,2025-05-05 02:24:00.107648
U009376,76,3,1385.15,2025-08-31 04:46:49.063807
U009377,2,1,1080.46,2025-11-13 16:31:04.592738
U009378,243,1,63.21,2025-03-17 08:21:49.611131
U009379,22,1,207.52,2025-10-24 05:28:50.730940
U009383,683,1,153.06,2024-01-02 13:46:11.291683
U009384,146,1,1097.33,2025-06-22 06:24:44.702826
U009385,624,2,263.3,2024-03-01 18:43:36.454594
U009390,489,1,22.55,2024-07-14 14:45:17.956151
U009393,43,3,1750.84,2025-10-03 00:03:11.345482
U009394,203,1,119.07,2025-04-26 04:52:27.499864
U009395,411,1,4918.02,2024-09-30 04:23:06.434328
U009396,163,1,664.33,2025-06-05 11:17:12.656965
U009398,552,1,20.23,2024-05-12 15:08:51.220769
U009399,613,1,571.9,2024-03-12 08:04:30.537889
U009400,142,2,2188.01,2025-06-26 21:10:31.622029
U009403,240,1,717.68,2025-03-20 18:59:31.447978
U009405,79,1,264.04,2025-08-28 21:01:11.215486
U009406,543,2,193.24,2024-05-21 09:34:30.423031
U009409,304,1,688.71,2025-01-15 01:49:11.238380
U009410,410,1,380.35,2024-10-01 00:41:28.283294
U009411,574,1,1499.66,2024-04-20 13:49:38.975382
U009414,247,2,537.8,2025-03-13 06:24:55.674894
U009415,90,1,458.76,2025-08-17 19:43:48.595784
U009419,180,1,178.11,2025-05-19 21:46:20.038071
U009420,201,2,1374.78,2025-04-28 07:12:19.325051
U009422,439,1,523.5,2024-09-02 11:49:45.163267
U009423,278,1,223.82,2025-02-10 10:57:31.818316
U009424,395,1,348.93,2024-10-16 16:00:34.375652
U009425,539,1,19.14,2024-05-25 23:08:31.647757
U009429,447,3,627.36,2024-08-25 18:55:20.453083
U009430,285,1,1800.63,2025-02-03 11:09:47.732625
U009432,38,2,2430.08,2025-10-08 09:46:02.872412
U009433,3,1,134.99,2025-11-12 20:12:37.586270
U009435,327,2,2799.7,2024-12-23 12:13:51.127165
U009437,305,2,299.5,2025-01-14 04:38:33.520296
U009439,344,2,3010.88,2024-12-06 23:21:24.880451
U009441,610,1,2045.41,2024-03-15 02:03:22.395414
U009442,338,1,228.95,2024-12-12 12:06:38.521537
U009444,256,1,659.19,2025-03-04 13:28:03.279100
U009448,118,1,1487.74,2025-07-20 17:23:44.150036
U009449,184,2,83.46,2025-05-15 18:05:32.978690
U009453,10,1,35.82,2025-11-05 01:16:33.843740
U009454,580,1,140.56,2024-04-14 15:20:33.062040
U009456,616,1,1277.73,2024-03-09 15:49:49.098317
U009457,288,1,600.89,2025-01-31 00:38:39.609914
U009459,57,1,578.76,2025-09-19 03:06:29.107596
U009460,127,1,985.35,2025-07-11 15:56:48.152133
U009461,527,1,10.29,2024-06-06 12:43:25.758393
U009462,413,1,39.99,2024-09-28 07:43:54.170679
U009464,421,1,218.81,2024-09-20 22:36:30.505926
U009465,6,1,28.37,2025-11-09 04:24:39.790385
U009466,25,1,257.99,2025-10-21 09:33:44.769307
U009467,73,1,53.41,2025-09-03 06:33:31.048808
U009470,312,1,406.05,2025-01-07 08:01:34.068830
U009473,115,1,769.71,2025-07-23 00:27:47.652422
U009474,480,2,358.82,2024-07-23 05:15:49.985800
U009475,529,1,346.98,2024-06-04 14:09:37.677851
U009476,237,2,777.12,2025-03-23 21:54:06.946008
U009478,70,2,236.59,2025-09-06 08:25:23.245083
U009479,155,2,1650.06,2025-06-13 04:15:06.897390
U009482,486,1,66.33,2024-07-17 14:24:18.525671
U009484,225,1,115.92,2025-04-04 21:40:36.419181
U009485,627,1,100.24,2024-02-27 05:21:40.075938
U009487,228,2,170.74,2025-04-01 21:11:26.829611
U009490,189,1,126.54,2025-05-10 13:33:22.615656
U009491,194,2,291.63,2025-05-05 12:41:37.720083
U009492,173,2,731.8,2025-05-26 02:50:27.387661
U009493,153,2,1634.75,2025-06-15 22:26:58.985044
U009494,198,1,254.67,2025-05-01 06:26:27.185478
U009495,479,2,1445.53,2024-07-24 23:59:41.995206
U009497,199,3,1983.32,2025-04-30 02:11:30.564543
U009504,42,2,581.59,2025-10-04 19:17:06.069190
U009505,496,3,1238.54,2024-07-07 21:38:44.069149
U009507,674,1,219.76,2024-01-11 04:44:37.530228
U009510,499,1,1457.49,2024-07-04 14:43:03.851936
U009511,168,3,6038.79,2025-05-31 14:03:23.617515
U009512,402,2,253.36,2024-10-09 22:46:42.792711
U009513,437,2,1232.83,2024-09-04 13:27:47.209087
U009514,419,1,9.27,2024-09-22 15:47:02.349586
U009515,682,1,1328.19,2024-01-03 08:17:28.695731
U009517,159,1,28.88,2025-06-09 20:01:14.328646
U009518,601,1,349.01,2024-03-24 12:33:48.587715
U009519,31,1,488.59,2025-10-15 15:19:24.228939
U009521,94,2,92.28,2025-08-13 08:43:27.538549
U009522,149,1,140.62,2025-06-19 19:51:19.599328
U009524,567,1,160.85,2024-04-27 17:52:23.100621
U009525,124,2,3933.4,2025-07-14 14:50:35.964296
U009526,174,2,603.81,2025-05-25 11:40:15.012222
U009528,445,2,773.4,2024-08-27 08:54:36.202429
U009529,284,2,1201.69,2025-02-04 12:30:45.252698
U009530,143,1,132.06,2025-06-25 13:29:56.398457
U009531,569,1,366.84,2024-04-25 02:22:16.763860
U009532,535,1,120.46,2024-05-29 22:49:47.215057
U009534,399,1,20.77,2024-10-12 17:40:35.371888
U009537,452,1,77.64,2024-08-20 17:50:09.185569
U009540,485,1,372.95,2024-07-18 03:40:00.210589
U009542,287,1,623.3,2025-02-01 19:09:15.821275
U009543,602,1,741.48,2024-03-23 20:10:36.762661
U009545,194,3,3043.01,2025-05-05 11:39:18.321399
U009548,22,1,12.47,2025-10-24 10:35:55.790975
U009549,584,1,506.24,2024-04-10 15:12:23.371120
U009550,93,1,195.39,2025-08-14 04:11:35.807054
U009552,32,2,246.26,2025-10-14 07:36:26.224309
U009554,72,2,1862.08,2025-09-04 04:37:29.689926
U009555,299,2,860.11,2025-01-20 10:29:36.939038
U009556,208,2,1114.7,2025-04-21 18:26:08.911573
U009557,53,2,1275.12,2025-09-23 14:57:36.489356
U009558,263,1,72.82,2025-02-25 22:36:50.002447
U009561,300,1,29.9,2025-01-19 02:37:08.911077
U009562,66,2,628.06,2025-09-10 00:57:49.177499
U009563,272,1,15.29,2025-02-16 00:36:53.613644
U009565,106,1,295.78,2025-08-01 01:19:17.386521
U009567,376,1,49.66,2024-11-04 02:58:48.823792
U009568,353,1,21.52,2024-11-27 12:57:06.771518
U009570,623,1,488.22,2024-03-02 16:33:54.007246
U009572,48,1,435.56,2025-09-28 21:14:33.385213
U009574,342,4,1438.97,2024-12-08 10:02:33.533630
U009576,278,1,65.26,2025-02-10 07:43:42.064956
U009578,103,2,855.09,2025-08-04 11:42:13.006207
U009583,4,1,523.48,2025-11-11 06:53:12.850754
U009587,5,3,2762.18,2025-11-10 01:00:04.271516
U009588,630,1,902.48,2024-02-24 12:00:04.642440
U009589,482,3,448.63,2024-07-21 12:54:12.961180
U009591,409,2,319.38,2024-10-02 05:50:03.611098
U009593,496,1,934.06,2024-07-07 15:05:24.795006
U009596,73,1,498.14,2025-09-03 09:02:56.494827
U009597,438,1,600.14,2024-09-03 10:10:50.180799
U009598,273,2,405.16,2025-02-15 20:19:51.486220
U009602,158,1,1095.33,2025-06-10 06:08:26.698201
U009604,556,1,232.03,2024-05-08 13:09:50.184487
U009606,394,2,2262.91,2024-10-17 16:19:42.693961
U009610,609,1,1184.37,2024-03-16 04:15:11.583200
U009613,231,2,844.23,2025-03-29 12:50:29.712243
U009614,51,1,9.97,2025-09-25 09:18:12.301551
U009615,341,1,70.67,2024-12-09 04:40:12.101914
U009616,185,2,990.14,2025-05-14 15:15:53.468560
U009618,528,1,55.21,2024-06-05 00:38:37.506763
U009621,71,2,283.71,2025-09-05 11:14:40.712530
U009624,658,1,20.74,2024-01-27 07:07:29.460327
U009626,204,1,6101.43,2025-04-25 00:00:30.662682
U009627,352,2,567.41,2024-11-28 10:31:47.800239
U009630,623,1,325.82,2024-03-02 09:23:09.653602
U009632,153,2,956.4,2025-06-15 02:04:02.888531
U009635,448,1,637.27,2024-08-24 23:30:21.076942
U009638,441,2,3667.67,2024-08-31 02:49:20.346579
U009641,416,1,71.4,2024-09-25 23:27:54.838538
U009642,80,3,375.38,2025-08-27 17:49:37.342561
U009644,508,1,1767.66,2024-06-25 03:00:18.945399
U009645,25,2,3881.71,2025-10-21 12:01:50.182964
U009646,407,1,1161.93,2024-10-04 03:49:02.841976
U009648,320,1,439.66,2024-12-30 03:27:41.064546
U009649,383,1,16.94,2024-10-28 23:11:16.371813
U009651,534,3,1571.52,2024-05-30 15:48:35.642560
U009652,107,3,1719.02,2025-07-31 19:31:54.349789
U009653,512,1,110.1,2024-06-21 17:01:53.235808
U009656,132,1,1491.17,2025-07-06 19:51:22.776360
U009658,35,2,685.43,2025-10-11 21:25:47.452731
U009659,503,1,323.73,2024-06-30 07:15:50.435164
U009660,337,2,1006.7,2024-12-13 17:05:11.515673
U009661,47,2,582.98,2025-09-29 11:15:29.274480
U009662,449,1,65.31,2024-08-23 14:18:43.288230
U009666,257,1,191.15,2025-03-03 10:04:37.257043
U009668,42,3,1135.18,2025-10-04 23:30:14.085446
U009670,27,2,1360.0,2025-10-19 06:09:22.421674
U009673,183,2,67.16,2025-05-16 03:05:57.749749
U009674,94,2,262.89,2025-08-13 11:36:54.410521
U009675,394,1,570.53,2024-10-17 11:13:03.738817
U009676,125,1,270.69,2025-07-13 15:47:14.779306
U009677,359,1,21.3,2024-11-21 12:30:09.434479
U009680,237,1,34.71,2025-03-23 07:56:43.244563
U009681,206,2,3908.82,2025-04-23 03:45:48.849979
U009682,642,1,106.52,2024-02-12 06:30:43.161449
U009687,2,2,732.2,2025-11-13 06:29:26.115843
U009688,45,1,118.89,2025-10-01 07:35:28.106389
U009689,17,3,2652.01,2025-10-29 00:22:46.765996
U009695,276,2,124.97,2025-02-12 12:55:49.002154
U009696,71,1,1358.77,2025-09-05 18:18:50.586267
U009698,342,2,173.55,2024-12-08 00:34:47.920482
U009699,599,1,411.46,2024-03-26 08:00:43.398902
U009702,448,1,1553.26,2024-08-24 12:18:53.039856
U009705,80,2,174.06,2025-08-27 18:52:43.630118
U009706,624,1,386.12,2024-03-01 17:00:37.391572
U009708,302,2,1848.56,2025-01-17 07:50:13.309229
U009709,43,1,158.84,2025-10-03 19:16:04.807995
U009712,434,2,89.72,2024-09-07 01:50:44.460519
U009713,178,1,119.9,2025-05-21 21:28:22.414738
U009714,112,3,154.35,2025-07-26 12:47:35.557451
U009717,473,1,75.63,2024-07-30 12:42:08.670931
U009718,422,1,1495.59,2024-09-19 12:29:32.955226
U009720,516,1,456.94,2024-06-17 18:35:26.063741
U009721,6,1,423.18,2025-11-09 19:19:11.727910
U009722,502,1,1847.41,2024-07-01 15:02:53.273379
U009723,367,2,1028.19,2024-11-13 20:37:58.928083
U009725,446,1,79.35,2024-08-26 18:44:32.342381
U009730,102,1,103.47,2025-08-05 14:24:54.727024
U009732,296,1,144.11,2025-01-23 19:00:02.988855
U009735,683,1,649.19,2024-01-02 16:05:51.970097
U009737,297,1,2254.87,2025-01-22 03:20:45.066362
U009738,555,1,318.51,2024-05-09 03:37:43.047079
U009739,586,1,2247.18,2024-04-08 08:10:48.941164
U009741,385,1,124.59,2024-10-26 07:35:34.398079
U009744,60,2,896.47,2025-09-16 11:04:47.610596
U009747,466,1,408.63,2024-08-06 05:17:00.442076
U009748,565,1,198.46,2024-04-29 11:35:12.379716
U009751,190,2,456.1,2025-05-09 06:13:31.068729
U009753,326,2,1568.89,2024-12-24 13:46:02.100271
U009754,84,2,269.23,2025-08-23 10:53:51.901227
U009755,425,1,172.42,2024-09-16 13:48:51.445509
U009759,182,1,1465.21,2025-05-17 15:39:00.583457
U009760,612,1,22.25,2024-03-13 10:48:33.244163
U009761,617,1,2158.91,2024-03-08 03:38:53.179829
U009764,93,1,899.17,2025-08-14 21:22:27.762536
U009766,50,1,244.36,2025-09-26 22:49:11.747920
U009770,293,1,104.27,2025-01-26 04:45:35.169519
U009772,274,1,416.76,2025-02-14 02:44:43.787253
U009775,507,1,137.49,2024-06-26 07:06:16.218722
U009776,79,1,81.54,2025-08-28 12:20:03.899735
U009777,274,3,1524.05,2025-02-14 11:56:10.146419
U009778,10,2,1244.62,2025-11-05 12:23:22.255233
U009779,617,1,2934.17,2024-03-08 11:16:22.793115
U009780,595,1,675.59,2024-03-30 22:20:07.645900
U009781,41,3,1578.15,2025-10-05 23:47:09.132533
U009782,271,1,1079.48,2025-02-17 19:37:06.176720
U009783,543,1,112.2,2024-05-21 11:16:20.940381
U009786,153,2,285.3,2025-06-15 18:26:31.082560
U009789,44,1,737.18,2025-10-02 16:47:00.980960
U009793,209,2,540.75,2025-04-20 18:42:27.406306
U009794,569,1,50.01,2024-04-25 15:39:18.942354
U009796,503,1,8.99,2024-06-30 14:18:21.970375
U009797,187,1,176.19,2025-05-12 07:40:41.037701
U009798,483,2,344.06,2024-07-20 12:38:09.881876
U009799,505,2,152.46,2024-06-28 15:58:54.416033
U009801,254,1,122.65,2025-03-06 09:51:31.821877
U009803,256,1,90.33,2025-03-04 22:06:42.195533
U009806,301,3,3979.88,2025-01-18 00:00:43.651979
U009807,460,2,2815.77,2024-08-12 01:56:14.825204
U009808,127,3,126.98,2025-07-11 17:13:20.484330
U009809,168,2,379.42,2025-05-31 10:36:25.824246
U009810,642,2,1773.69,2024-02-12 03:16:22.543247
U009812,425,1,1253.26,2024-09-16 09:39:11.723205
U009813,36,2,757.43,2025-10-10 03:45:36.060154
U009815,415,1,193.52,2024-09-26 05:23:20.346539
U009816,100,2,145.91,2025-08-07 18:05:34.033143
U009818,86,1,810.06,2025-08-21 04:38:35.996604
U009821,439,1,134.69,2024-09-02 13:40:52.300504
U009826,219,1,860.41,2025-04-10 20:43:16.539406
U009827,676,1,571.5,2024-01-09 02:59:33.995479
U009828,461,1,1523.53,2024-08-11 16:39:00.535713
U009829,93,1,811.5,2025-08-14 08:32:00.915354
U009830,25,2,1830.45,2025-10-21 06:52:47.808159
U009831,430,1,103.5,2024-09-11 07:35:58.424405
U009832,77,1,197.07,2025-08-30 16:53:28.598403
U009833,25,1,231.51,2025-10-21 13:32:50.155480
U009834,341,1,832.43,2024-12-09 03:07:08.933533
U009836,39,1,83.98,2025-10-07 00:58:26.388107
U009840,16,2,989.64,2025-10-30 20:18:22.289029
U009841,15,1,194.49,2025-10-31 18:05:24.417145
U009842,411,1,4.51,2024-09-30 00:38:33.880293
U009844,71,2,517.83,2025-09-05 06:07:44.130820
U009847,124,2,2306.41,2025-07-14 04:44:36.357455
U009848,260,2,1389.78,2025-02-28 14:53:44.949292
U009849,466,2,384.3,2024-08-06 15:57:36.302166
U009850,165,2,1063.5,2025-06-03 16:08:53.300086
U009852,25,1,729.28,2025-10-21 12:22:35.170123
U009854,346,2,3126.28,2024-12-04 12:03:52.032391
U009856,492,3,1658.7,2024-07-11 02:23:15.437527
U009857,114,5,4312.97,2025-07-24 04:54:44.210574
U009862,114,1,1895.52,2025-07-24 14:45:07.111028
U009866,12,2,379.59,2025-11-03 07:50:34.979932
U009867,389,2,1533.52,2024-10-22 18:21:45.083377
U009868,61,3,3129.55,2025-09-15 16:23:50.041879
U009869,53,3,3272.48,2025-09-23 19:50:48.794437
U009870,625,1,157.61,2024-02-29 13:26:28.605953
U009871,241,2,459.34,2025-03-19 12:49:16.206289
U009873,489,2,1968.83,2024-07-14 17:09:52.418746
U009875,397,1,79.92,2024-10-14 10:15:09.592760
U009876,203,2,670.02,2025-04-26 14:14:57.718230
U009877,129,1,184.98,2025-07-09 02:03:38.605657
U009880,471,1,265.95,2024-08-01 18:02:59.355433
U009883,433,1,70.32,2024-09-08 17:26:52.453434
U009885,277,2,481.01,2025-02-11 19:14:01.493960
U009887,413,2,1750.25,2024-09-28 22:07:38.713420
U009890,378,1,640.52,2024-11-02 18:52:57.786581
U009892,156,2,1646.81,2025-06-12 00:42:15.636396
U009896,333,1,3254.37,2024-12-17 13:03:04.561514
U009897,255,1,23.24,2025-03-05 11:59:07.947831
U009899,37,1,560.51,2025-10-09 08:05:36.000698
U009900,110,2,525.91,2025-07-28 08:15:31.422065
U009902,364,3,1411.93,2024-11-16 04:22:17.547170
U009903,88,4,9791.56,2025-08-19 08:32:41.755610
U009904,417,2,1702.2,2024-09-24 10:31:14.888261
U009905,141,1,697.76,2025-06-27 12:53:40.527146
U009906,129,1,1597.2,2025-07-09 16:39:26.754661
U009908,411,2,187.11,2024-09-30 20:35:55.009938
U009910,2,2,3126.46,2025-11-13 04:11:03.907746
U009912,81,1,249.91,2025-08-26 01:53:13.684150
U009913,29,2,566.3,2025-10-17 16:29:49.981934
U009914,120,1,896.16,2025-07-18 19:04:16.049005
U009916,230,3,857.35,2025-03-30 03:53:03.460255
U009918,30,1,2266.94,2025-10-16 20:09:49.172358
U009919,38,2,415.08,2025-10-08 23:44:08.630912
U009920,583,1,217.41,2024-04-11 08:22:21.789882
U009924,109,2,159.92,2025-07-29 13:12:37.125034
U009925,46,1,575.47,2025-09-30 23:29:37.619568
U009931,394,2,1277.8,2024-10-17 04:43:11.964696
U009932,380,1,246.38,2024-10-31 02:09:27.927247
U009934,17,2,512.66,2025-10-29 22:47:52.061751
U009935,2,3,2698.66,2025-11-13 18:55:25.352489
U009940,398,1,2.48,2024-10-13 05:51:09.704647
U009941,188,2,402.38,2025-05-11 06:49:36.787354
U009942,305,1,309.08,2025-01-14 13:37:54.336258
U009943,466,2,874.26,2024-08-06 13:38:07.290276
U009944,648,1,273.71,2024-02-06 01:47:05.389565
U009946,380,2,131.86,2024-10-31 06:44:52.520009
U009950,192,1,367.05,2025-05-07 01:45:14.020907
U009951,558,1,697.76,2024-05-06 08:04:46.411736
U009952,655,1,1413.17,2024-01-30 18:52:11.602166
U009954,436,1,113.14,2024-09-05 23:54:26.659591
U009955,508,1,12.72,2024-06-25 20:38:11.276108
U009956,320,1,222.94,2024-12-30 23:43:06.294476
U009957,16,2,3101.98,2025-10-30 11:14:27.169157
U009959,72,2,347.41,2025-09-04 21:36:58.605300
U009962,41,1,154.67,2025-10-05 00:07:25.290248
U009963,410,2,1063.8,2024-10-01 17:05:38.465115
U009967,71,2,3315.09,2025-09-05 01:01:53.733010
U009969,178,1,271.76,2025-05-21 09:59:22.549519
U009970,419,2,578.22,2024-09-22 21:51:53.285773
U009971,399,1,83.13,2024-10-12 11:17:50.624981
U009972,292,1,671.22,2025-01-27 12:59:21.605712
U009974,273,2,1172.68,2025-02-15 19:55:42.074117
U009981,124,1,1876.56,2025-07-14 09:25:09.553696
U009983,92,1,514.17,2025-08-15 07:30:34.242141
U009987,333,3,276.51,2024-12-17 01:10:29.351362
U009988,72,1,165.03,2025-09-04 07:02:21.511312
U009989,296,2,1817.42,2025-01-23 18:12:17.042696
U009990,181,1,3716.79,2025-05-18 16:35:48.256341
U009992,320,1,100.62,2024-12-30 19:10:38.610940
U009995,638,1,631.36,2024-02-16 03:26:12.112665
U009997,85,1,802.46,2025-08-22 11:03:33.736175
U009998,329,1,729.95,2024-12-21 20:55:30.262040
U009999,339,1,376.38,2024-12-11 17:20:38.537828
